lbp_ir_grey_mask_knn_3,93.125,62.5,40.0,65.2083,2021-07-08 11:09:00.239120
lbp_ir_grey_mask_knn_5,75.0,59.1667,44.0,59.3889,2021-07-08 11:09:00.393443
lbp_ir_grey_mask_knn_7,68.4028,50.5556,48.0,55.6528,2021-07-08 11:09:00.561663
lbp_ir_grey_mask_knn_9,64.7917,53.3333,46.0,54.7083,2021-07-08 11:09:00.712264
lbp_ir_grey_mask_knn_11,61.1806,55.0,47.3333,54.5046,2021-07-08 11:09:00.856419
lbp_ir_red_mask_knn_3,93.6806,66.6667,48.6667,69.6713,2021-07-08 11:09:00.996932
lbp_ir_red_mask_knn_5,75.9028,62.5,45.3333,61.2454,2021-07-08 11:09:01.135351
lbp_ir_red_mask_knn_7,73.2639,56.9444,45.3333,58.5139,2021-07-08 11:09:01.274955
lbp_ir_red_mask_knn_9,69.5139,55.2778,46.6667,57.1528,2021-07-08 11:09:01.407779
lbp_ir_red_mask_knn_11,68.75,58.0556,49.3333,58.713,2021-07-08 11:09:01.539798
lbp_ir_green_mask_knn_3,91.8056,55.8333,42.0,63.213,2021-07-08 11:09:01.687785
lbp_ir_green_mask_knn_5,77.1528,55.0,46.0,59.3843,2021-07-08 11:09:01.825784
lbp_ir_green_mask_knn_7,72.5,56.3889,44.0,57.6296,2021-07-08 11:09:01.967105
lbp_ir_green_mask_knn_9,66.5278,50.8333,50.0,55.787,2021-07-08 11:09:02.104844
lbp_ir_green_mask_knn_11,60.3472,52.5,49.3333,54.0602,2021-07-08 11:09:02.241982
lbp_ir_blue_mask_knn_3,93.2639,66.9444,42.6667,67.625,2021-07-08 11:09:02.379380
lbp_ir_blue_mask_knn_5,75.3472,61.6667,43.3333,60.1157,2021-07-08 11:09:02.513655
lbp_ir_blue_mask_knn_7,73.125,55.2778,45.3333,57.912,2021-07-08 11:09:02.645232
lbp_ir_blue_mask_knn_9,67.2222,52.5,47.3333,55.6852,2021-07-08 11:09:02.783421
lbp_ir_blue_mask_knn_11,62.2222,57.7778,49.3333,56.4444,2021-07-08 11:09:02.926467
fourier_grey_mask_knn_3,70.4167,42.7778,38.0,50.3982,2021-07-08 11:09:03.339697
fourier_grey_mask_knn_5,63.6111,43.8889,38.0,48.5,2021-07-08 11:09:03.756452
fourier_grey_mask_knn_7,59.5139,44.4444,38.0,47.3194,2021-07-08 11:09:04.187773
fourier_grey_mask_knn_9,58.1944,45.5556,36.0,46.5833,2021-07-08 11:09:04.606448
fourier_grey_mask_knn_11,58.125,42.5,39.3333,46.6528,2021-07-08 11:09:05.007848
fourier_red_mask_knn_3,69.4444,38.0556,35.3333,47.6111,2021-07-08 11:09:05.429581
fourier_red_mask_knn_5,63.75,47.2222,40.0,50.3241,2021-07-08 11:09:05.826752
fourier_red_mask_knn_7,61.4583,46.1111,34.0,47.1898,2021-07-08 11:09:06.225959
fourier_red_mask_knn_9,60.625,39.1667,35.3333,45.0417,2021-07-08 11:09:06.634830
fourier_red_mask_knn_11,57.9861,46.1111,38.0,47.3657,2021-07-08 11:09:07.039587
fourier_green_mask_knn_3,68.5417,45.0,36.6667,50.0695,2021-07-08 11:09:07.482309
fourier_green_mask_knn_5,63.5417,45.0,36.6667,48.4028,2021-07-08 11:09:07.887879
fourier_green_mask_knn_7,59.375,40.5556,38.0,45.9769,2021-07-08 11:09:08.301332
fourier_green_mask_knn_9,55.4861,43.3333,39.3333,46.0509,2021-07-08 11:09:08.718375
fourier_green_mask_knn_11,55.9722,45.8333,40.0,47.2685,2021-07-08 11:09:09.123968
fourier_blue_mask_knn_3,67.2222,43.6111,34.0,48.2778,2021-07-08 11:09:09.553435
fourier_blue_mask_knn_5,61.9444,46.1111,38.6667,48.9074,2021-07-08 11:09:09.959462
fourier_blue_mask_knn_7,59.4444,45.8333,37.3333,47.537,2021-07-08 11:09:10.371427
fourier_blue_mask_knn_9,58.1944,49.4444,41.3333,49.6574,2021-07-08 11:09:10.792043
fourier_blue_mask_knn_11,56.0417,43.6111,41.3333,46.9954,2021-07-08 11:09:11.209812
geo_grey_mask_knn_3,83.2639,57.2222,42.0,60.8287,2021-07-08 11:09:11.379833
geo_grey_mask_knn_5,69.7222,56.1111,46.6667,57.5,2021-07-08 11:09:11.545959
geo_grey_mask_knn_7,64.8611,50.5556,45.3333,53.5833,2021-07-08 11:09:11.708243
geo_grey_mask_knn_9,61.1806,51.1111,47.3333,53.2083,2021-07-08 11:09:11.861401
geo_grey_mask_knn_11,54.0972,49.1667,48.0,50.4213,2021-07-08 11:09:12.017845
geo_red_mask_knn_3,64.1667,51.6667,40.6667,52.1667,2021-07-08 11:09:12.192832
geo_red_mask_knn_5,55.4167,46.9444,39.3333,47.2315,2021-07-08 11:09:12.352840
geo_red_mask_knn_7,47.2917,42.2222,37.3333,42.2824,2021-07-08 11:09:12.527038
geo_red_mask_knn_9,52.0139,47.5,37.3333,45.6157,2021-07-08 11:09:12.700816
geo_red_mask_knn_11,49.6528,47.5,40.0,45.7176,2021-07-08 11:09:12.866957
geo_green_mask_knn_3,84.2361,59.4444,45.3333,63.0046,2021-07-08 11:09:13.035767
geo_green_mask_knn_5,71.8056,53.8889,51.3333,59.0093,2021-07-08 11:09:13.182968
geo_green_mask_knn_7,68.6806,52.5,42.6667,54.6158,2021-07-08 11:09:13.332873
geo_green_mask_knn_9,63.1944,52.5,50.0,55.2315,2021-07-08 11:09:13.484615
geo_green_mask_knn_11,59.7222,54.4444,48.0,54.0555,2021-07-08 11:09:13.645915
geo_blue_mask_knn_3,87.4306,58.6111,42.0,62.6806,2021-07-08 11:09:13.810546
geo_blue_mask_knn_5,71.4583,55.2778,46.6667,57.8009,2021-07-08 11:09:13.971065
geo_blue_mask_knn_7,68.3333,62.2222,48.0,59.5185,2021-07-08 11:09:14.147032
geo_blue_mask_knn_9,63.4028,58.3333,54.6667,58.8009,2021-07-08 11:09:14.323071
geo_blue_mask_knn_11,62.5694,55.0,50.0,55.8565,2021-07-08 11:09:14.485591
gab_grey_mask_knn_3,81.9444,57.7778,47.3333,62.3518,2021-07-08 11:09:14.707573
gab_grey_mask_knn_5,73.1944,60.5556,50.0,61.25,2021-07-08 11:09:14.914039
gab_grey_mask_knn_7,69.1667,60.5556,54.0,61.2408,2021-07-08 11:09:15.125895
gab_grey_mask_knn_9,67.6389,60.2778,53.3333,60.4167,2021-07-08 11:09:15.336091
gab_grey_mask_knn_11,67.6389,56.9444,54.0,59.5278,2021-07-08 11:09:15.546192
gab_red_mask_knn_3,81.25,57.5,52.0,63.5833,2021-07-08 11:09:15.756193
gab_red_mask_knn_5,72.0139,54.1667,51.3333,59.1713,2021-07-08 11:09:15.961357
gab_red_mask_knn_7,68.4028,54.1667,48.0,56.8565,2021-07-08 11:09:16.181163
gab_red_mask_knn_9,64.9306,57.2222,50.6667,57.6065,2021-07-08 11:09:16.400490
gab_red_mask_knn_11,63.75,55.0,52.6667,57.1389,2021-07-08 11:09:16.622504
gab_green_mask_knn_3,84.3056,59.4444,50.0,64.5833,2021-07-08 11:09:16.841406
gab_green_mask_knn_5,75.2083,64.4444,53.3333,64.3287,2021-07-08 11:09:17.038038
gab_green_mask_knn_7,70.7639,60.8333,59.3333,63.6435,2021-07-08 11:09:17.247184
gab_green_mask_knn_9,71.25,61.1111,59.3333,63.8981,2021-07-08 11:09:17.460306
gab_green_mask_knn_11,69.0278,60.8333,56.6667,62.1759,2021-07-08 11:09:17.684348
gab_blue_mask_knn_3,84.7222,65.8333,54.0,68.1852,2021-07-08 11:09:17.894645
gab_blue_mask_knn_5,77.0833,62.2222,53.3333,64.2129,2021-07-08 11:09:18.098155
gab_blue_mask_knn_7,70.4167,67.2222,53.3333,63.6574,2021-07-08 11:09:18.311416
gab_blue_mask_knn_9,70.2083,63.3333,52.6667,62.0694,2021-07-08 11:09:18.519611
gab_blue_mask_knn_11,70.2778,61.9444,56.6667,62.963,2021-07-08 11:09:18.734338
har_grey_mask_knn_3,94.2361,68.0556,57.3333,73.2083,2021-07-08 11:09:18.883756
har_grey_mask_knn_5,82.2222,75.5556,55.3333,71.037,2021-07-08 11:09:19.034777
har_grey_mask_knn_7,77.9861,68.6111,54.0,66.8657,2021-07-08 11:09:19.181600
har_grey_mask_knn_9,76.3889,65.2778,57.3333,66.3333,2021-07-08 11:09:19.328880
har_grey_mask_knn_11,73.8194,68.0556,60.0,67.2917,2021-07-08 11:09:19.482687
har_red_mask_knn_3,94.3056,68.0556,51.3333,71.2315,2021-07-08 11:09:19.634197
har_red_mask_knn_5,77.9861,62.7778,49.3333,63.3657,2021-07-08 11:09:19.777329
har_red_mask_knn_7,72.3611,65.8333,50.0,62.7315,2021-07-08 11:09:19.925679
har_red_mask_knn_9,70.2083,65.0,56.6667,63.9583,2021-07-08 11:09:20.076392
har_red_mask_knn_11,70.2778,66.9444,58.0,65.0741,2021-07-08 11:09:20.232450
har_green_mask_knn_3,95.0694,71.3889,57.3333,74.5972,2021-07-08 11:09:20.408196
har_green_mask_knn_5,81.0417,66.3889,56.0,67.8102,2021-07-08 11:09:20.557722
har_green_mask_knn_7,75.2778,67.2222,60.0,67.5,2021-07-08 11:09:20.715347
har_green_mask_knn_9,72.5694,68.6111,62.0,67.7268,2021-07-08 11:09:20.857362
har_green_mask_knn_11,73.9583,68.8889,61.3333,68.0602,2021-07-08 11:09:21.001179
har_blue_mask_knn_3,96.1806,73.6111,58.6667,76.1528,2021-07-08 11:09:21.153760
har_blue_mask_knn_5,80.7639,68.0556,55.3333,68.0509,2021-07-08 11:09:21.313318
har_blue_mask_knn_7,76.875,67.5,54.6667,66.3472,2021-07-08 11:09:21.460649
har_blue_mask_knn_9,77.2222,67.7778,59.3333,68.1111,2021-07-08 11:09:21.606713
har_blue_mask_knn_11,73.4722,66.6667,56.0,65.3796,2021-07-08 11:09:21.759489
lbp_ir_grey_mask-lbp_ir_red_mask_knn_3,94.0972,67.5,46.6667,69.4213,2021-07-08 11:09:21.911343
lbp_ir_grey_mask-lbp_ir_red_mask_knn_5,75.4167,62.2222,47.3333,61.6574,2021-07-08 11:09:22.058447
lbp_ir_grey_mask-lbp_ir_red_mask_knn_7,72.0833,60.8333,46.6667,59.8611,2021-07-08 11:09:22.199060
lbp_ir_grey_mask-lbp_ir_red_mask_knn_9,67.5,59.7222,52.0,59.7407,2021-07-08 11:09:22.349535
lbp_ir_grey_mask-lbp_ir_red_mask_knn_11,67.2222,54.4444,50.6667,57.4444,2021-07-08 11:09:22.492712
lbp_ir_grey_mask-lbp_ir_green_mask_knn_3,93.0556,61.1111,40.0,64.7222,2021-07-08 11:09:22.629236
lbp_ir_grey_mask-lbp_ir_green_mask_knn_5,76.0417,61.1111,44.0,60.3843,2021-07-08 11:09:22.768543
lbp_ir_grey_mask-lbp_ir_green_mask_knn_7,68.125,52.5,48.0,56.2083,2021-07-08 11:09:22.905547
lbp_ir_grey_mask-lbp_ir_green_mask_knn_9,64.7222,51.6667,46.0,54.1296,2021-07-08 11:09:23.043470
lbp_ir_grey_mask-lbp_ir_green_mask_knn_11,62.0139,50.2778,47.3333,53.2083,2021-07-08 11:09:23.176124
lbp_ir_grey_mask-lbp_ir_blue_mask_knn_3,93.9583,64.1667,46.0,68.0417,2021-07-08 11:09:23.318539
lbp_ir_grey_mask-lbp_ir_blue_mask_knn_5,76.7361,56.6667,46.0,59.8009,2021-07-08 11:09:23.462437
lbp_ir_grey_mask-lbp_ir_blue_mask_knn_7,70.2778,57.5,42.6667,56.8148,2021-07-08 11:09:23.596434
lbp_ir_grey_mask-lbp_ir_blue_mask_knn_9,66.5278,58.3333,52.6667,59.1759,2021-07-08 11:09:23.739047
lbp_ir_grey_mask-lbp_ir_blue_mask_knn_11,65.5556,55.0,52.6667,57.7408,2021-07-08 11:09:23.882162
lbp_ir_grey_mask-fourier_grey_mask_knn_3,71.4583,46.9444,39.3333,52.5787,2021-07-08 11:09:24.341183
lbp_ir_grey_mask-fourier_grey_mask_knn_5,64.2361,48.3333,36.0,49.5231,2021-07-08 11:09:24.810949
lbp_ir_grey_mask-fourier_grey_mask_knn_7,60.6944,46.6667,41.3333,49.5648,2021-07-08 11:09:25.267161
lbp_ir_grey_mask-fourier_grey_mask_knn_9,60.1389,47.2222,40.0,49.1204,2021-07-08 11:09:25.703411
lbp_ir_grey_mask-fourier_grey_mask_knn_11,59.2361,46.3889,40.0,48.5417,2021-07-08 11:09:26.167701
lbp_ir_grey_mask-fourier_red_mask_knn_3,72.0139,46.9444,42.6667,53.875,2021-07-08 11:09:26.626904
lbp_ir_grey_mask-fourier_red_mask_knn_5,65.4167,49.4444,40.0,51.6204,2021-07-08 11:09:27.073089
lbp_ir_grey_mask-fourier_red_mask_knn_7,61.9444,51.1111,38.6667,50.5741,2021-07-08 11:09:27.510602
lbp_ir_grey_mask-fourier_red_mask_knn_9,60.4167,46.1111,38.0,48.1759,2021-07-08 11:09:27.958670
lbp_ir_grey_mask-fourier_red_mask_knn_11,59.0972,46.9444,36.6667,47.5694,2021-07-08 11:09:28.413848
lbp_ir_grey_mask-fourier_green_mask_knn_3,71.3194,46.6667,40.6667,52.8843,2021-07-08 11:09:28.872293
lbp_ir_grey_mask-fourier_green_mask_knn_5,63.3333,47.5,39.3333,50.0555,2021-07-08 11:09:29.321476
lbp_ir_grey_mask-fourier_green_mask_knn_7,59.9306,47.2222,37.3333,48.162,2021-07-08 11:09:29.764134
lbp_ir_grey_mask-fourier_green_mask_knn_9,59.375,43.8889,37.3333,46.8657,2021-07-08 11:09:30.201224
lbp_ir_grey_mask-fourier_green_mask_knn_11,56.875,46.3889,38.6667,47.3102,2021-07-08 11:09:30.635113
lbp_ir_grey_mask-fourier_blue_mask_knn_3,69.7917,47.7778,43.3333,53.6343,2021-07-08 11:09:31.095492
lbp_ir_grey_mask-fourier_blue_mask_knn_5,61.7361,49.1667,39.3333,50.0787,2021-07-08 11:09:31.527565
lbp_ir_grey_mask-fourier_blue_mask_knn_7,60.9028,43.6111,40.6667,48.3935,2021-07-08 11:09:31.966745
lbp_ir_grey_mask-fourier_blue_mask_knn_9,60.8333,46.3889,42.6667,49.963,2021-07-08 11:09:32.397803
lbp_ir_grey_mask-fourier_blue_mask_knn_11,58.1944,48.8889,44.6667,50.5833,2021-07-08 11:09:32.832786
lbp_ir_grey_mask-geo_grey_mask_knn_3,92.9861,65.8333,50.0,69.6065,2021-07-08 11:09:33.007567
lbp_ir_grey_mask-geo_grey_mask_knn_5,75.3472,63.8889,53.3333,64.1898,2021-07-08 11:09:33.180748
lbp_ir_grey_mask-geo_grey_mask_knn_7,72.3611,57.2222,52.0,60.5278,2021-07-08 11:09:33.360025
lbp_ir_grey_mask-geo_grey_mask_knn_9,69.5833,56.6667,48.6667,58.3056,2021-07-08 11:09:33.532194
lbp_ir_grey_mask-geo_grey_mask_knn_11,67.1528,56.9444,49.3333,57.8102,2021-07-08 11:09:33.706244
lbp_ir_grey_mask-geo_red_mask_knn_3,92.5,64.4444,44.0,66.9815,2021-07-08 11:09:33.893106
lbp_ir_grey_mask-geo_red_mask_knn_5,73.75,60.5556,48.0,60.7685,2021-07-08 11:09:34.092857
lbp_ir_grey_mask-geo_red_mask_knn_7,70.4861,55.0,46.6667,57.3843,2021-07-08 11:09:34.288576
lbp_ir_grey_mask-geo_red_mask_knn_11,60.5556,55.8333,46.0,54.1296,2021-07-08 11:09:34.634506
lbp_ir_grey_mask-geo_green_mask_knn_3,93.6806,67.2222,46.6667,69.1898,2021-07-08 11:09:34.810394
lbp_ir_grey_mask-geo_green_mask_knn_5,75.2778,62.2222,50.6667,62.7222,2021-07-08 11:09:34.996699
lbp_ir_grey_mask-geo_green_mask_knn_7,72.1528,53.8889,50.6667,58.9028,2021-07-08 11:09:35.171422
lbp_ir_grey_mask-geo_green_mask_knn_9,66.5278,59.1667,50.0,58.5648,2021-07-08 11:09:35.341887
lbp_ir_grey_mask-geo_green_mask_knn_11,66.25,56.6667,46.0,56.3056,2021-07-08 11:09:35.514708
lbp_ir_grey_mask-geo_blue_mask_knn_3,92.7778,65.0,48.0,68.5926,2021-07-08 11:09:35.718766
lbp_ir_grey_mask-geo_blue_mask_knn_5,75.7639,60.2778,52.0,62.6806,2021-07-08 11:09:35.899378
lbp_ir_grey_mask-geo_blue_mask_knn_7,72.0833,55.8333,53.3333,60.4166,2021-07-08 11:09:36.072635
lbp_ir_grey_mask-geo_blue_mask_knn_9,69.2361,55.5556,51.3333,58.7083,2021-07-08 11:09:36.253704
lbp_ir_grey_mask-geo_blue_mask_knn_11,66.5972,58.0556,52.0,58.8843,2021-07-08 11:09:36.425320
lbp_ir_grey_mask-gab_grey_mask_knn_3,87.7083,65.5556,50.0,67.7546,2021-07-08 11:09:36.650626
lbp_ir_grey_mask-gab_grey_mask_knn_5,77.6389,61.6667,57.3333,65.5463,2021-07-08 11:09:36.869207
lbp_ir_grey_mask-gab_grey_mask_knn_7,73.1944,68.0556,54.0,65.0833,2021-07-08 11:09:37.100212
lbp_ir_grey_mask-gab_grey_mask_knn_9,72.6389,65.2778,53.3333,63.75,2021-07-08 11:09:37.331546
lbp_ir_grey_mask-gab_grey_mask_knn_11,71.25,63.0556,52.6667,62.3241,2021-07-08 11:09:37.559351
lbp_ir_grey_mask-gab_red_mask_knn_3,84.7917,63.3333,50.0,66.0417,2021-07-08 11:09:37.781557
lbp_ir_grey_mask-gab_red_mask_knn_5,75.1389,58.6111,52.0,61.9167,2021-07-08 11:09:38.005507
lbp_ir_grey_mask-gab_red_mask_knn_7,71.5972,58.8889,48.6667,59.7176,2021-07-08 11:09:38.234440
lbp_ir_grey_mask-gab_red_mask_knn_9,69.5139,58.6111,51.3333,59.8194,2021-07-08 11:09:38.459865
lbp_ir_grey_mask-gab_red_mask_knn_11,68.125,60.2778,52.0,60.1343,2021-07-08 11:09:38.701057
lbp_ir_grey_mask-gab_green_mask_knn_3,88.1944,66.6667,54.0,69.6204,2021-07-08 11:09:38.919882
lbp_ir_grey_mask-gab_green_mask_knn_5,79.0278,64.7222,55.3333,66.3611,2021-07-08 11:09:39.145654
lbp_ir_grey_mask-gab_green_mask_knn_7,74.9306,63.3333,55.3333,64.5324,2021-07-08 11:09:39.376781
lbp_ir_grey_mask-gab_green_mask_knn_9,74.3056,68.6111,56.6667,66.5278,2021-07-08 11:09:39.602151
lbp_ir_grey_mask-gab_green_mask_knn_11,71.5278,66.9444,54.0,64.1574,2021-07-08 11:09:39.829426
lbp_ir_grey_mask-gab_blue_mask_knn_3,89.3056,69.7222,50.0,69.6759,2021-07-08 11:09:40.054570
lbp_ir_grey_mask-gab_blue_mask_knn_5,80.625,69.4444,51.3333,67.1342,2021-07-08 11:09:40.275217
lbp_ir_grey_mask-gab_blue_mask_knn_7,77.2222,66.1111,50.6667,64.6667,2021-07-08 11:09:40.497669
lbp_ir_grey_mask-gab_blue_mask_knn_9,76.3194,67.5,56.0,66.6065,2021-07-08 11:09:40.721837
lbp_ir_grey_mask-gab_blue_mask_knn_11,73.1944,67.7778,57.3333,66.1018,2021-07-08 11:09:40.947503
lbp_ir_grey_mask-har_grey_mask_knn_3,94.7222,69.1667,54.6667,72.8519,2021-07-08 11:09:41.105221
lbp_ir_grey_mask-har_grey_mask_knn_5,80.3472,71.1111,56.6667,69.375,2021-07-08 11:09:41.267927
lbp_ir_grey_mask-har_grey_mask_knn_7,76.3194,69.7222,60.0,68.6805,2021-07-08 11:09:41.422977
lbp_ir_grey_mask-har_grey_mask_knn_9,74.5139,68.8889,58.6667,67.3565,2021-07-08 11:09:41.583683
lbp_ir_grey_mask-har_grey_mask_knn_11,72.7083,66.3889,60.6667,66.588,2021-07-08 11:09:41.747646
lbp_ir_grey_mask-har_red_mask_knn_3,94.5139,70.2778,49.3333,71.375,2021-07-08 11:09:41.908685
lbp_ir_grey_mask-har_red_mask_knn_5,80.0694,69.1667,57.3333,68.8565,2021-07-08 11:09:42.075099
lbp_ir_grey_mask-har_red_mask_knn_7,75.4861,69.1667,58.6667,67.7732,2021-07-08 11:09:42.231498
lbp_ir_grey_mask-har_red_mask_knn_9,72.5,65.8333,62.0,66.7778,2021-07-08 11:09:42.400317
lbp_ir_grey_mask-har_red_mask_knn_11,72.4306,66.9444,62.0,67.125,2021-07-08 11:09:42.567539
lbp_ir_grey_mask-har_green_mask_knn_3,94.6528,71.1111,55.3333,73.6991,2021-07-08 11:09:42.739079
lbp_ir_grey_mask-har_green_mask_knn_5,81.1111,68.8889,58.6667,69.5556,2021-07-08 11:09:42.901204
lbp_ir_grey_mask-har_green_mask_knn_7,77.0833,69.7222,61.3333,69.3796,2021-07-08 11:09:43.083459
lbp_ir_grey_mask-har_green_mask_knn_9,74.5139,66.6667,61.3333,67.5046,2021-07-08 11:09:43.249156
lbp_ir_grey_mask-har_green_mask_knn_11,75.1389,66.6667,63.3333,68.3796,2021-07-08 11:09:43.424096
lbp_ir_grey_mask-har_blue_mask_knn_3,95.0694,67.5,58.6667,73.7454,2021-07-08 11:09:43.577284
lbp_ir_grey_mask-har_blue_mask_knn_5,81.6667,71.3889,60.6667,71.2408,2021-07-08 11:09:43.727757
lbp_ir_grey_mask-har_blue_mask_knn_7,79.0278,70.5556,63.3333,70.9722,2021-07-08 11:09:43.885161
lbp_ir_grey_mask-har_blue_mask_knn_9,76.1806,70.5556,57.3333,68.0232,2021-07-08 11:09:44.052895
lbp_ir_grey_mask-har_blue_mask_knn_11,75.2778,73.0556,58.0,68.7778,2021-07-08 11:09:44.217718
lbp_ir_red_mask-lbp_ir_green_mask_knn_3,93.5417,63.6111,47.3333,68.162,2021-07-08 11:09:44.363357
lbp_ir_red_mask-lbp_ir_green_mask_knn_5,77.3611,58.6111,46.0,60.6574,2021-07-08 11:09:44.500645
lbp_ir_red_mask-lbp_ir_green_mask_knn_7,70.6944,61.6667,50.6667,61.0093,2021-07-08 11:09:44.641020
lbp_ir_red_mask-lbp_ir_green_mask_knn_9,66.6667,62.2222,53.3333,60.7407,2021-07-08 11:09:44.782208
lbp_ir_red_mask-lbp_ir_green_mask_knn_11,67.1528,57.5,52.0,58.8843,2021-07-08 11:09:44.925630
lbp_ir_red_mask-lbp_ir_blue_mask_knn_3,92.9861,65.8333,46.6667,68.4954,2021-07-08 11:09:45.073640
lbp_ir_red_mask-lbp_ir_blue_mask_knn_5,77.0139,60.2778,48.0,61.7639,2021-07-08 11:09:45.226547
lbp_ir_red_mask-lbp_ir_blue_mask_knn_7,72.2917,60.0,51.3333,61.2083,2021-07-08 11:09:45.395616
lbp_ir_red_mask-lbp_ir_blue_mask_knn_9,68.4722,52.7778,51.3333,57.5278,2021-07-08 11:09:45.544544
lbp_ir_red_mask-lbp_ir_blue_mask_knn_11,64.7917,54.4444,52.6667,57.3009,2021-07-08 11:09:45.689013
lbp_ir_red_mask-fourier_grey_mask_knn_3,71.3194,47.5,39.3333,52.7176,2021-07-08 11:09:46.145275
lbp_ir_red_mask-fourier_grey_mask_knn_5,62.2917,44.4444,42.0,49.5787,2021-07-08 11:09:46.580898
lbp_ir_red_mask-fourier_grey_mask_knn_7,62.0139,44.7222,40.6667,49.1343,2021-07-08 11:09:47.014162
lbp_ir_red_mask-fourier_grey_mask_knn_9,60.625,44.7222,38.0,47.7824,2021-07-08 11:09:47.450637
lbp_ir_red_mask-fourier_grey_mask_knn_11,57.9167,47.7778,37.3333,47.6759,2021-07-08 11:09:47.916835
lbp_ir_red_mask-fourier_red_mask_knn_3,73.2639,51.3889,40.0,54.8843,2021-07-08 11:09:48.376095
lbp_ir_red_mask-fourier_red_mask_knn_5,65.6944,46.3889,43.3333,51.8055,2021-07-08 11:09:48.822455
lbp_ir_red_mask-fourier_red_mask_knn_7,61.5972,49.1667,41.3333,50.6991,2021-07-08 11:09:49.272961
lbp_ir_red_mask-fourier_red_mask_knn_9,60.9722,49.1667,36.6667,48.9352,2021-07-08 11:09:49.725392
lbp_ir_red_mask-fourier_red_mask_knn_11,58.1944,44.7222,36.6667,46.5278,2021-07-08 11:09:50.162189
lbp_ir_red_mask-fourier_green_mask_knn_3,70.7639,43.8889,35.3333,49.9954,2021-07-08 11:09:50.603384
lbp_ir_red_mask-fourier_green_mask_knn_5,65.2083,41.1111,37.3333,47.8842,2021-07-08 11:09:51.040621
lbp_ir_red_mask-fourier_green_mask_knn_7,62.0139,46.3889,38.0,48.8009,2021-07-08 11:09:51.488562
lbp_ir_red_mask-fourier_green_mask_knn_9,58.8889,48.0556,38.6667,48.5371,2021-07-08 11:09:51.916392
lbp_ir_red_mask-fourier_green_mask_knn_11,55.8333,45.0,38.0,46.2778,2021-07-08 11:09:52.360258
lbp_ir_red_mask-fourier_blue_mask_knn_3,70.3472,45.0,38.6667,51.338,2021-07-08 11:09:52.805783
lbp_ir_red_mask-fourier_blue_mask_knn_5,62.5,45.5556,35.3333,47.7963,2021-07-08 11:09:53.246996
lbp_ir_red_mask-fourier_blue_mask_knn_7,60.6944,45.5556,38.0,48.0833,2021-07-08 11:09:53.692896
lbp_ir_red_mask-fourier_blue_mask_knn_9,58.8194,44.1667,40.0,47.662,2021-07-08 11:09:54.149860
lbp_ir_red_mask-fourier_blue_mask_knn_11,59.4444,49.1667,44.0,50.8704,2021-07-08 11:09:54.589583
lbp_ir_red_mask-geo_grey_mask_knn_3,94.3056,66.3889,44.6667,68.4537,2021-07-08 11:09:54.764174
lbp_ir_red_mask-geo_grey_mask_knn_5,77.0833,65.0,46.0,62.6944,2021-07-08 11:09:54.928978
lbp_ir_red_mask-geo_grey_mask_knn_7,72.5,56.1111,50.6667,59.7593,2021-07-08 11:09:55.111219
lbp_ir_red_mask-geo_grey_mask_knn_9,69.1667,56.9444,51.3333,59.1481,2021-07-08 11:09:55.296638
lbp_ir_red_mask-geo_grey_mask_knn_11,67.7083,53.3333,50.6667,57.2361,2021-07-08 11:09:55.471346
lbp_ir_red_mask-geo_red_mask_knn_3,92.5,63.6111,47.3333,67.8148,2021-07-08 11:09:55.650434
lbp_ir_red_mask-geo_red_mask_knn_5,75.3472,56.9444,44.0,58.7639,2021-07-08 11:09:55.831761
lbp_ir_red_mask-geo_red_mask_knn_7,71.1111,56.3889,44.0,57.1667,2021-07-08 11:09:56.015074
lbp_ir_red_mask-geo_red_mask_knn_9,67.4306,56.3889,46.0,56.6065,2021-07-08 11:09:56.203638
lbp_ir_red_mask-geo_red_mask_knn_11,65.5556,57.5,44.6667,55.9074,2021-07-08 11:09:56.390440
lbp_ir_red_mask-geo_green_mask_knn_3,92.9861,66.6667,44.6667,68.1065,2021-07-08 11:09:56.561598
lbp_ir_red_mask-geo_green_mask_knn_5,75.2778,63.6111,44.0,60.963,2021-07-08 11:09:56.739614
lbp_ir_red_mask-geo_green_mask_knn_7,71.6667,55.0,50.0,58.8889,2021-07-08 11:09:56.907053
lbp_ir_red_mask-geo_green_mask_knn_9,68.3333,61.6667,51.3333,60.4444,2021-07-08 11:09:57.090155
lbp_ir_red_mask-geo_green_mask_knn_11,67.5694,57.5,51.3333,58.8009,2021-07-08 11:09:57.272777
lbp_ir_red_mask-geo_blue_mask_knn_3,94.0972,70.8333,45.3333,70.0879,2021-07-08 11:09:57.456898
lbp_ir_red_mask-geo_blue_mask_knn_5,78.1944,58.3333,49.3333,61.9537,2021-07-08 11:09:57.627363
lbp_ir_red_mask-geo_blue_mask_knn_7,76.3194,55.0,50.6667,60.662,2021-07-08 11:09:57.800008
lbp_ir_red_mask-geo_blue_mask_knn_9,68.2639,62.5,50.0,60.2546,2021-07-08 11:09:57.968252
lbp_ir_red_mask-geo_blue_mask_knn_11,67.9861,57.7778,50.6667,58.8102,2021-07-08 11:09:58.139129
lbp_ir_red_mask-gab_grey_mask_knn_3,87.1528,65.2778,50.6667,67.6991,2021-07-08 11:09:58.375573
lbp_ir_red_mask-gab_grey_mask_knn_5,77.8472,67.2222,58.0,67.6898,2021-07-08 11:09:58.590405
lbp_ir_red_mask-gab_grey_mask_knn_7,74.1667,60.8333,56.0,63.6667,2021-07-08 11:09:58.820109
lbp_ir_red_mask-gab_grey_mask_knn_9,71.7361,61.3889,54.6667,62.5972,2021-07-08 11:09:59.047033
lbp_ir_red_mask-gab_grey_mask_knn_11,69.8611,67.2222,55.3333,64.1389,2021-07-08 11:09:59.300930
lbp_ir_red_mask-gab_red_mask_knn_3,86.0417,58.8889,52.6667,65.8658,2021-07-08 11:09:59.522972
lbp_ir_red_mask-gab_red_mask_knn_5,72.7778,60.0,51.3333,61.3704,2021-07-08 11:09:59.746069
lbp_ir_red_mask-gab_red_mask_knn_7,69.3056,59.7222,51.3333,60.1204,2021-07-08 11:09:59.968986
lbp_ir_red_mask-gab_red_mask_knn_9,68.8889,58.0556,52.0,59.6482,2021-07-08 11:10:00.217613
lbp_ir_red_mask-gab_red_mask_knn_11,67.2917,63.3333,47.3333,59.3194,2021-07-08 11:10:00.454647
lbp_ir_red_mask-gab_green_mask_knn_3,88.0556,68.6111,52.6667,69.7778,2021-07-08 11:10:00.692839
lbp_ir_red_mask-gab_green_mask_knn_5,78.4028,65.8333,53.3333,65.8565,2021-07-08 11:10:00.909783
lbp_ir_red_mask-gab_green_mask_knn_7,74.0972,65.8333,55.3333,65.0879,2021-07-08 11:10:01.140055
lbp_ir_red_mask-gab_green_mask_knn_9,72.1528,62.7778,52.6667,62.5324,2021-07-08 11:10:01.372118
lbp_ir_red_mask-gab_green_mask_knn_11,71.5278,65.5556,56.0,64.3611,2021-07-08 11:10:01.619779
lbp_ir_red_mask-gab_blue_mask_knn_3,88.8889,69.7222,56.0,71.537,2021-07-08 11:10:01.856345
lbp_ir_red_mask-gab_blue_mask_knn_5,81.6667,68.3333,56.0,68.6667,2021-07-08 11:10:02.075665
lbp_ir_red_mask-gab_blue_mask_knn_7,77.0833,72.2222,52.0,67.1018,2021-07-08 11:10:02.294731
lbp_ir_red_mask-gab_blue_mask_knn_9,75.2778,66.3889,55.3333,65.6667,2021-07-08 11:10:02.527971
lbp_ir_red_mask-gab_blue_mask_knn_11,73.75,65.8333,59.3333,66.3055,2021-07-08 11:10:02.768349
lbp_ir_red_mask-har_grey_mask_knn_3,95.3472,76.6667,56.6667,76.2269,2021-07-08 11:10:02.926789
lbp_ir_red_mask-har_grey_mask_knn_5,79.7222,68.3333,58.6667,68.9074,2021-07-08 11:10:03.082529
lbp_ir_red_mask-har_grey_mask_knn_7,77.1528,70.2778,58.6667,68.6991,2021-07-08 11:10:03.238333
lbp_ir_red_mask-har_grey_mask_knn_9,74.9306,72.2222,57.3333,68.162,2021-07-08 11:10:03.413823
lbp_ir_red_mask-har_grey_mask_knn_11,73.6806,66.3889,56.6667,65.5787,2021-07-08 11:10:03.577804
lbp_ir_red_mask-har_red_mask_knn_3,95.2778,71.3889,54.0,73.5556,2021-07-08 11:10:03.736771
lbp_ir_red_mask-har_red_mask_knn_5,79.1667,66.3889,58.0,67.8519,2021-07-08 11:10:03.902724
lbp_ir_red_mask-har_red_mask_knn_7,74.375,65.0,52.0,63.7917,2021-07-08 11:10:04.082985
lbp_ir_red_mask-har_red_mask_knn_9,75.0,68.0556,61.3333,68.1296,2021-07-08 11:10:04.240438
lbp_ir_red_mask-har_red_mask_knn_11,73.8194,66.3889,61.3333,67.1805,2021-07-08 11:10:04.408614
lbp_ir_red_mask-har_green_mask_knn_3,95.5556,77.7778,58.0,77.1111,2021-07-08 11:10:04.568166
lbp_ir_red_mask-har_green_mask_knn_5,81.25,71.9444,60.0,71.0648,2021-07-08 11:10:04.718250
lbp_ir_red_mask-har_green_mask_knn_7,77.2917,70.0,60.6667,69.3195,2021-07-08 11:10:04.877407
lbp_ir_red_mask-har_green_mask_knn_9,75.2083,70.0,62.0,69.0694,2021-07-08 11:10:05.039066
lbp_ir_red_mask-har_green_mask_knn_11,73.75,71.3889,62.6667,69.2685,2021-07-08 11:10:05.210964
lbp_ir_red_mask-har_blue_mask_knn_3,95.8333,73.6111,64.6667,78.037,2021-07-08 11:10:05.379354
lbp_ir_red_mask-har_blue_mask_knn_5,83.6111,73.8889,61.3333,72.9444,2021-07-08 11:10:05.540673
lbp_ir_red_mask-har_blue_mask_knn_7,78.8889,76.1111,63.3333,72.7778,2021-07-08 11:10:05.708760
lbp_ir_red_mask-har_blue_mask_knn_9,77.2222,70.5556,60.0,69.2593,2021-07-08 11:10:05.871582
lbp_ir_red_mask-har_blue_mask_knn_11,74.8611,75.5556,60.0,70.1389,2021-07-08 11:10:06.034716
lbp_ir_green_mask-lbp_ir_blue_mask_knn_3,94.3056,66.3889,45.3333,68.6759,2021-07-08 11:10:06.190795
lbp_ir_green_mask-lbp_ir_blue_mask_knn_5,76.7361,62.2222,46.0,61.6528,2021-07-08 11:10:06.325071
lbp_ir_green_mask-lbp_ir_blue_mask_knn_7,71.1806,53.0556,45.3333,56.5232,2021-07-08 11:10:06.468061
lbp_ir_green_mask-lbp_ir_blue_mask_knn_9,66.0417,60.8333,49.3333,58.7361,2021-07-08 11:10:06.620580
lbp_ir_green_mask-lbp_ir_blue_mask_knn_11,63.6111,56.1111,52.0,57.2407,2021-07-08 11:10:06.756301
lbp_ir_green_mask-fourier_grey_mask_knn_3,71.0417,44.1667,42.0,52.4028,2021-07-08 11:10:07.219695
lbp_ir_green_mask-fourier_grey_mask_knn_5,63.3333,43.0556,37.3333,47.9074,2021-07-08 11:10:07.672699
lbp_ir_green_mask-fourier_grey_mask_knn_7,62.6389,44.7222,42.0,49.787,2021-07-08 11:10:08.131214
lbp_ir_green_mask-fourier_grey_mask_knn_9,61.5972,45.2778,41.3333,49.4028,2021-07-08 11:10:08.579154
lbp_ir_green_mask-fourier_grey_mask_knn_11,58.0556,47.7778,40.6667,48.8334,2021-07-08 11:10:09.025039
lbp_ir_green_mask-fourier_red_mask_knn_3,72.3611,46.9444,40.6667,53.3241,2021-07-08 11:10:09.493656
lbp_ir_green_mask-fourier_red_mask_knn_5,65.2778,46.9444,40.6667,50.963,2021-07-08 11:10:09.928725
lbp_ir_green_mask-fourier_red_mask_knn_7,62.2917,43.6111,37.3333,47.7454,2021-07-08 11:10:10.373228
lbp_ir_green_mask-fourier_red_mask_knn_9,59.7917,48.8889,36.6667,48.4491,2021-07-08 11:10:10.818372
lbp_ir_green_mask-fourier_red_mask_knn_11,61.875,45.8333,36.6667,48.125,2021-07-08 11:10:11.257435
lbp_ir_green_mask-fourier_green_mask_knn_3,71.6667,43.0556,38.6667,51.1297,2021-07-08 11:10:11.712476
lbp_ir_green_mask-fourier_green_mask_knn_5,64.1667,42.5,38.0,48.2222,2021-07-08 11:10:12.143716
lbp_ir_green_mask-fourier_green_mask_knn_7,61.4583,47.7778,39.3333,49.5231,2021-07-08 11:10:12.583601
lbp_ir_green_mask-fourier_green_mask_knn_9,58.8889,45.2778,38.6667,47.6111,2021-07-08 11:10:13.016597
lbp_ir_green_mask-fourier_green_mask_knn_11,57.9861,46.6667,38.6667,47.7732,2021-07-08 11:10:13.473828
lbp_ir_green_mask-fourier_blue_mask_knn_3,71.7361,43.0556,42.6667,52.4861,2021-07-08 11:10:13.937908
lbp_ir_green_mask-fourier_blue_mask_knn_5,62.5694,50.0,40.6667,51.0787,2021-07-08 11:10:14.403990
lbp_ir_green_mask-fourier_blue_mask_knn_7,60.9722,51.6667,41.3333,51.3241,2021-07-08 11:10:14.871156
lbp_ir_green_mask-fourier_blue_mask_knn_9,60.2778,47.2222,43.3333,50.2778,2021-07-08 11:10:15.346014
lbp_ir_green_mask-fourier_blue_mask_knn_11,58.6806,46.3889,44.0,49.6898,2021-07-08 11:10:15.808898
lbp_ir_green_mask-geo_grey_mask_knn_3,92.6389,65.5556,54.0,70.7315,2021-07-08 11:10:15.996645
lbp_ir_green_mask-geo_grey_mask_knn_5,77.3611,58.6111,53.3333,63.1018,2021-07-08 11:10:16.177029
lbp_ir_green_mask-geo_grey_mask_knn_7,70.4861,64.1667,54.6667,63.1065,2021-07-08 11:10:16.363076
lbp_ir_green_mask-geo_grey_mask_knn_9,68.75,59.1667,52.0,59.9722,2021-07-08 11:10:16.562779
lbp_ir_green_mask-geo_grey_mask_knn_11,66.5972,57.2222,49.3333,57.7176,2021-07-08 11:10:16.756957
lbp_ir_green_mask-geo_red_mask_knn_3,92.0833,61.3889,47.3333,66.9352,2021-07-08 11:10:16.950383
lbp_ir_green_mask-geo_red_mask_knn_5,74.6528,62.2222,47.3333,61.4028,2021-07-08 11:10:17.134368
lbp_ir_green_mask-geo_red_mask_knn_7,69.4444,59.1667,48.0,58.8704,2021-07-08 11:10:17.321190
lbp_ir_green_mask-geo_red_mask_knn_9,65.1389,56.3889,50.0,57.1759,2021-07-08 11:10:17.499146
lbp_ir_green_mask-geo_red_mask_knn_11,64.7917,56.9444,46.0,55.912,2021-07-08 11:10:17.686930
lbp_ir_green_mask-geo_green_mask_knn_3,92.7778,65.0,48.0,68.5926,2021-07-08 11:10:17.867974
lbp_ir_green_mask-geo_green_mask_knn_5,75.0694,61.6667,54.0,63.5787,2021-07-08 11:10:18.048129
lbp_ir_green_mask-geo_green_mask_knn_7,71.3194,57.7778,52.0,60.3657,2021-07-08 11:10:18.225500
lbp_ir_green_mask-geo_green_mask_knn_9,69.0278,58.3333,50.6667,59.3426,2021-07-08 11:10:18.404738
lbp_ir_green_mask-geo_green_mask_knn_11,66.3889,60.8333,50.0,59.0741,2021-07-08 11:10:18.589715
lbp_ir_green_mask-geo_blue_mask_knn_3,92.2917,62.5,52.0,68.9306,2021-07-08 11:10:18.768654
lbp_ir_green_mask-geo_blue_mask_knn_5,75.625,63.6111,52.6667,63.9676,2021-07-08 11:10:18.951185
lbp_ir_green_mask-geo_blue_mask_knn_7,71.7361,56.3889,51.3333,59.8194,2021-07-08 11:10:19.158467
lbp_ir_green_mask-geo_blue_mask_knn_9,68.8889,56.3889,52.0,59.0926,2021-07-08 11:10:19.337277
lbp_ir_green_mask-geo_blue_mask_knn_11,66.0417,57.2222,54.0,59.088,2021-07-08 11:10:19.518064
lbp_ir_green_mask-gab_grey_mask_knn_3,88.4722,63.0556,50.0,67.1759,2021-07-08 11:10:19.758738
lbp_ir_green_mask-gab_grey_mask_knn_5,77.2222,66.6667,55.3333,66.4074,2021-07-08 11:10:19.998283
lbp_ir_green_mask-gab_grey_mask_knn_7,75.4167,61.6667,50.6667,62.5834,2021-07-08 11:10:20.237096
lbp_ir_green_mask-gab_grey_mask_knn_9,71.25,63.8889,54.6667,63.2685,2021-07-08 11:10:20.477913
lbp_ir_green_mask-gab_grey_mask_knn_11,69.1667,66.1111,54.6667,63.3148,2021-07-08 11:10:20.726153
lbp_ir_green_mask-gab_red_mask_knn_3,85.2778,64.4444,47.3333,65.6852,2021-07-08 11:10:20.953237
lbp_ir_green_mask-gab_red_mask_knn_5,73.4028,61.1111,50.0,61.5046,2021-07-08 11:10:21.176789
lbp_ir_green_mask-gab_red_mask_knn_7,72.9167,58.6111,52.0,61.1759,2021-07-08 11:10:21.442768
lbp_ir_green_mask-gab_red_mask_knn_9,68.2639,62.5,52.0,60.9213,2021-07-08 11:10:21.691928
lbp_ir_green_mask-gab_red_mask_knn_11,68.2639,59.7222,50.0,59.3287,2021-07-08 11:10:21.929888
lbp_ir_green_mask-gab_green_mask_knn_3,87.4306,66.3889,52.6667,68.8287,2021-07-08 11:10:22.157479
lbp_ir_green_mask-gab_green_mask_knn_5,78.8889,66.9444,52.6667,66.1667,2021-07-08 11:10:22.389482
lbp_ir_green_mask-gab_green_mask_knn_7,75.9028,65.5556,54.6667,65.375,2021-07-08 11:10:22.628597
lbp_ir_green_mask-gab_green_mask_knn_9,73.4722,66.6667,54.0,64.713,2021-07-08 11:10:22.867396
lbp_ir_green_mask-gab_green_mask_knn_11,71.3194,61.6667,54.0,62.3287,2021-07-08 11:10:23.104547
lbp_ir_green_mask-gab_blue_mask_knn_3,88.125,72.7778,50.0,70.3009,2021-07-08 11:10:23.335968
lbp_ir_green_mask-gab_blue_mask_knn_5,81.4583,66.9444,51.3333,66.5787,2021-07-08 11:10:23.570527
lbp_ir_green_mask-gab_blue_mask_knn_7,75.9028,67.5,52.0,65.1343,2021-07-08 11:10:23.815087
lbp_ir_green_mask-gab_blue_mask_knn_9,74.3056,67.5,55.3333,65.713,2021-07-08 11:10:24.072479
lbp_ir_green_mask-gab_blue_mask_knn_11,73.125,66.6667,56.6667,65.4861,2021-07-08 11:10:24.318835
lbp_ir_green_mask-har_grey_mask_knn_3,95.4167,72.7778,56.6667,74.9537,2021-07-08 11:10:24.475903
lbp_ir_green_mask-har_grey_mask_knn_5,78.9583,68.0556,56.0,67.6713,2021-07-08 11:10:24.631661
lbp_ir_green_mask-har_grey_mask_knn_7,76.5278,71.3889,58.6667,68.8611,2021-07-08 11:10:24.811088
lbp_ir_green_mask-har_grey_mask_knn_9,75.0694,67.7778,60.6667,67.838,2021-07-08 11:10:24.969016
lbp_ir_green_mask-har_grey_mask_knn_11,73.5417,67.7778,62.0,67.7732,2021-07-08 11:10:25.130362
lbp_ir_green_mask-har_red_mask_knn_3,94.3056,68.0556,54.6667,72.3426,2021-07-08 11:10:25.291389
lbp_ir_green_mask-har_red_mask_knn_5,77.0833,65.5556,56.0,66.213,2021-07-08 11:10:25.462998
lbp_ir_green_mask-har_red_mask_knn_7,74.9306,64.1667,53.3333,64.1435,2021-07-08 11:10:25.643961
lbp_ir_green_mask-har_red_mask_knn_9,74.7917,67.2222,64.0,68.6713,2021-07-08 11:10:25.817815
lbp_ir_green_mask-har_red_mask_knn_11,72.0139,63.8889,64.0,66.6343,2021-07-08 11:10:25.991751
lbp_ir_green_mask-har_green_mask_knn_3,95.3472,72.5,55.3333,74.3935,2021-07-08 11:10:26.152756
lbp_ir_green_mask-har_green_mask_knn_5,81.0417,71.6667,57.3333,70.0139,2021-07-08 11:10:26.315993
lbp_ir_green_mask-har_green_mask_knn_7,77.0833,68.6111,60.6667,68.787,2021-07-08 11:10:26.471664
lbp_ir_green_mask-har_green_mask_knn_9,75.1389,72.2222,64.0,70.4537,2021-07-08 11:10:26.632072
lbp_ir_green_mask-har_green_mask_knn_11,73.1944,68.3333,64.0,68.5092,2021-07-08 11:10:26.800544
lbp_ir_green_mask-har_blue_mask_knn_3,95.4167,74.7222,59.3333,76.4907,2021-07-08 11:10:26.963428
lbp_ir_green_mask-har_blue_mask_knn_5,82.9861,69.4444,60.0,70.8102,2021-07-08 11:10:27.117266
lbp_ir_green_mask-har_blue_mask_knn_7,78.4722,67.2222,61.3333,69.0092,2021-07-08 11:10:27.273369
lbp_ir_green_mask-har_blue_mask_knn_9,75.4167,73.8889,59.3333,69.5463,2021-07-08 11:10:27.433531
lbp_ir_green_mask-har_blue_mask_knn_11,74.9306,70.8333,59.3333,68.3657,2021-07-08 11:10:27.592024
lbp_ir_blue_mask-fourier_grey_mask_knn_3,72.5,43.8889,42.6667,53.0185,2021-07-08 11:10:28.048005
lbp_ir_blue_mask-fourier_grey_mask_knn_5,62.2222,46.6667,40.6667,49.8519,2021-07-08 11:10:28.480646
lbp_ir_blue_mask-fourier_grey_mask_knn_7,61.6667,48.3333,37.3333,49.1111,2021-07-08 11:10:28.920535
lbp_ir_blue_mask-fourier_grey_mask_knn_9,59.7917,46.6667,42.0,49.4861,2021-07-08 11:10:29.376237
lbp_ir_blue_mask-fourier_grey_mask_knn_11,58.6111,45.8333,40.0,48.1481,2021-07-08 11:10:29.823285
lbp_ir_blue_mask-fourier_red_mask_knn_3,72.2917,48.3333,42.6667,54.4306,2021-07-08 11:10:30.265390
lbp_ir_blue_mask-fourier_red_mask_knn_5,64.5139,48.6111,43.3333,52.1528,2021-07-08 11:10:30.700193
lbp_ir_blue_mask-fourier_red_mask_knn_7,62.8472,41.9444,39.3333,48.0416,2021-07-08 11:10:31.143233
lbp_ir_blue_mask-fourier_red_mask_knn_9,60.8333,48.3333,38.0,49.0555,2021-07-08 11:10:31.577155
lbp_ir_blue_mask-fourier_red_mask_knn_11,58.6111,45.8333,37.3333,47.2592,2021-07-08 11:10:32.018297
lbp_ir_blue_mask-fourier_green_mask_knn_3,70.8333,43.6111,41.3333,51.9259,2021-07-08 11:10:32.462458
lbp_ir_blue_mask-fourier_green_mask_knn_5,62.5694,46.9444,40.0,49.8379,2021-07-08 11:10:32.887724
lbp_ir_blue_mask-fourier_green_mask_knn_7,61.9444,43.8889,37.3333,47.7222,2021-07-08 11:10:33.329946
lbp_ir_blue_mask-fourier_green_mask_knn_9,58.0556,47.7778,37.3333,47.7222,2021-07-08 11:10:33.763249
lbp_ir_blue_mask-fourier_green_mask_knn_11,57.2917,48.8889,39.3333,48.5046,2021-07-08 11:10:34.212035
lbp_ir_blue_mask-fourier_blue_mask_knn_3,71.5972,41.1111,42.0,51.5694,2021-07-08 11:10:34.656632
lbp_ir_blue_mask-fourier_blue_mask_knn_5,61.5278,46.9444,40.0,49.4907,2021-07-08 11:10:35.116449
lbp_ir_blue_mask-fourier_blue_mask_knn_7,61.1806,49.7222,41.3333,50.7454,2021-07-08 11:10:35.543184
lbp_ir_blue_mask-fourier_blue_mask_knn_9,59.5833,45.8333,44.6667,50.0278,2021-07-08 11:10:35.990836
lbp_ir_blue_mask-fourier_blue_mask_knn_11,58.6806,48.0556,42.6667,49.801,2021-07-08 11:10:36.430167
lbp_ir_blue_mask-geo_grey_mask_knn_3,92.5,66.6667,50.0,69.7222,2021-07-08 11:10:36.603242
lbp_ir_blue_mask-geo_grey_mask_knn_5,75.0,64.1667,52.6667,63.9445,2021-07-08 11:10:36.775150
lbp_ir_blue_mask-geo_grey_mask_knn_7,71.5278,61.3889,52.0,61.6389,2021-07-08 11:10:36.948103
lbp_ir_blue_mask-geo_grey_mask_knn_9,66.4583,62.5,50.0,59.6528,2021-07-08 11:10:37.136556
lbp_ir_blue_mask-geo_grey_mask_knn_11,65.0,58.8889,51.3333,58.4074,2021-07-08 11:10:37.314777
lbp_ir_blue_mask-geo_red_mask_knn_3,92.1528,64.4444,52.0,69.5324,2021-07-08 11:10:37.497203
lbp_ir_blue_mask-geo_red_mask_knn_5,76.8056,63.3333,51.3333,63.8241,2021-07-08 11:10:37.669352
lbp_ir_blue_mask-geo_red_mask_knn_7,70.4861,56.1111,51.3333,59.3102,2021-07-08 11:10:37.841763
lbp_ir_blue_mask-geo_red_mask_knn_9,66.1806,56.6667,46.0,56.2824,2021-07-08 11:10:38.031971
lbp_ir_blue_mask-geo_red_mask_knn_11,63.8889,55.0,49.3333,56.0741,2021-07-08 11:10:38.206640
lbp_ir_blue_mask-geo_green_mask_knn_3,93.9583,70.2778,48.6667,70.9676,2021-07-08 11:10:38.380100
lbp_ir_blue_mask-geo_green_mask_knn_5,76.5972,59.7222,49.3333,61.8842,2021-07-08 11:10:38.547577
lbp_ir_blue_mask-geo_green_mask_knn_7,72.5,56.9444,50.0,59.8148,2021-07-08 11:10:38.720544
lbp_ir_blue_mask-geo_green_mask_knn_9,69.0972,57.5,49.3333,58.6435,2021-07-08 11:10:38.889304
lbp_ir_blue_mask-geo_green_mask_knn_11,66.0417,54.7222,50.6667,57.1435,2021-07-08 11:10:39.092399
lbp_ir_blue_mask-geo_blue_mask_knn_3,93.75,65.8333,50.0,69.8611,2021-07-08 11:10:39.279174
lbp_ir_blue_mask-geo_blue_mask_knn_5,77.2222,66.3889,52.6667,65.4259,2021-07-08 11:10:39.451750
lbp_ir_blue_mask-geo_blue_mask_knn_7,71.0417,60.8333,53.3333,61.7361,2021-07-08 11:10:39.633826
lbp_ir_blue_mask-geo_blue_mask_knn_9,69.7917,60.0,50.6667,60.1528,2021-07-08 11:10:39.804653
lbp_ir_blue_mask-geo_blue_mask_knn_11,65.625,56.3889,52.0,58.0046,2021-07-08 11:10:39.976865
lbp_ir_blue_mask-gab_grey_mask_knn_3,87.9861,64.1667,46.0,66.0509,2021-07-08 11:10:40.197786
lbp_ir_blue_mask-gab_grey_mask_knn_5,79.0278,67.2222,54.6667,66.9722,2021-07-08 11:10:40.429738
lbp_ir_blue_mask-gab_grey_mask_knn_7,74.4444,66.3889,50.6667,63.8333,2021-07-08 11:10:40.653339
lbp_ir_blue_mask-gab_grey_mask_knn_9,72.5,68.6111,56.0,65.7037,2021-07-08 11:10:40.880486
lbp_ir_blue_mask-gab_grey_mask_knn_11,70.6944,64.1667,56.0,63.6204,2021-07-08 11:10:41.124356
lbp_ir_blue_mask-gab_red_mask_knn_3,84.5833,60.5556,51.3333,65.4907,2021-07-08 11:10:41.378640
lbp_ir_blue_mask-gab_red_mask_knn_5,73.9583,61.9444,51.3333,62.412,2021-07-08 11:10:41.605496
lbp_ir_blue_mask-gab_red_mask_knn_7,72.0833,59.7222,52.0,61.2685,2021-07-08 11:10:41.832472
lbp_ir_blue_mask-gab_red_mask_knn_9,69.7917,58.0556,52.6667,60.1713,2021-07-08 11:10:42.068345
lbp_ir_blue_mask-gab_red_mask_knn_11,68.9583,58.3333,51.3333,59.5416,2021-07-08 11:10:42.302390
lbp_ir_blue_mask-gab_green_mask_knn_3,87.3611,69.7222,50.6667,69.25,2021-07-08 11:10:42.526045
lbp_ir_blue_mask-gab_green_mask_knn_5,79.0972,69.1667,53.3333,67.1991,2021-07-08 11:10:42.746088
lbp_ir_blue_mask-gab_green_mask_knn_7,75.4167,68.6111,54.6667,66.2315,2021-07-08 11:10:42.982405
lbp_ir_blue_mask-gab_green_mask_knn_9,73.75,66.6667,56.6667,65.6945,2021-07-08 11:10:43.212018
lbp_ir_blue_mask-gab_green_mask_knn_11,72.2222,60.0,55.3333,62.5185,2021-07-08 11:10:43.448411
lbp_ir_blue_mask-gab_blue_mask_knn_3,88.2639,69.4444,48.6667,68.7917,2021-07-08 11:10:43.667856
lbp_ir_blue_mask-gab_blue_mask_knn_5,79.375,67.5,54.6667,67.1806,2021-07-08 11:10:43.884569
lbp_ir_blue_mask-gab_blue_mask_knn_7,77.2917,67.2222,54.6667,66.3935,2021-07-08 11:10:44.118056
lbp_ir_blue_mask-gab_blue_mask_knn_9,75.5556,65.5556,56.6667,65.926,2021-07-08 11:10:44.346343
lbp_ir_blue_mask-gab_blue_mask_knn_11,73.4722,64.4444,58.0,65.3055,2021-07-08 11:10:44.575438
lbp_ir_blue_mask-har_grey_mask_knn_3,95.1389,72.2222,54.0,73.787,2021-07-08 11:10:44.735309
lbp_ir_blue_mask-har_grey_mask_knn_5,81.0417,73.0556,58.6667,70.9213,2021-07-08 11:10:44.898707
lbp_ir_blue_mask-har_grey_mask_knn_7,76.3194,66.1111,57.3333,66.5879,2021-07-08 11:10:45.059734
lbp_ir_blue_mask-har_grey_mask_knn_9,75.0694,68.6111,58.6667,67.4491,2021-07-08 11:10:45.231403
lbp_ir_blue_mask-har_grey_mask_knn_11,74.0972,68.8889,59.3333,67.4398,2021-07-08 11:10:45.396759
lbp_ir_blue_mask-har_red_mask_knn_3,95.3472,69.4444,54.0,72.9305,2021-07-08 11:10:45.556413
lbp_ir_blue_mask-har_red_mask_knn_5,79.7222,68.3333,60.6667,69.5741,2021-07-08 11:10:45.711970
lbp_ir_blue_mask-har_red_mask_knn_7,75.625,66.1111,56.6667,66.1343,2021-07-08 11:10:45.875811
lbp_ir_blue_mask-har_red_mask_knn_9,74.5139,65.0,58.6667,66.0602,2021-07-08 11:10:46.047713
lbp_ir_blue_mask-har_red_mask_knn_11,74.0278,63.6111,58.6667,65.4352,2021-07-08 11:10:46.217782
lbp_ir_blue_mask-har_green_mask_knn_3,95.1389,72.2222,56.0,74.4537,2021-07-08 11:10:46.372802
lbp_ir_blue_mask-har_green_mask_knn_5,79.0972,71.3889,58.0,69.4954,2021-07-08 11:10:46.525539
lbp_ir_blue_mask-har_green_mask_knn_7,77.6389,68.3333,58.6667,68.213,2021-07-08 11:10:46.683256
lbp_ir_blue_mask-har_green_mask_knn_9,74.7917,72.5,60.0,69.0972,2021-07-08 11:10:46.840330
lbp_ir_blue_mask-har_green_mask_knn_11,73.2639,70.2778,60.0,67.8472,2021-07-08 11:10:47.003020
lbp_ir_blue_mask-har_blue_mask_knn_3,94.2361,68.3333,60.6667,74.412,2021-07-08 11:10:47.185596
lbp_ir_blue_mask-har_blue_mask_knn_5,82.3611,72.2222,60.0,71.5278,2021-07-08 11:10:47.349853
lbp_ir_blue_mask-har_blue_mask_knn_7,78.6806,67.5,59.3333,68.5046,2021-07-08 11:10:47.510706
lbp_ir_blue_mask-har_blue_mask_knn_9,75.4167,75.0,56.6667,69.0278,2021-07-08 11:10:47.666192
lbp_ir_blue_mask-har_blue_mask_knn_11,75.1389,70.5556,55.3333,67.0093,2021-07-08 11:10:47.824788
fourier_grey_mask-fourier_red_mask_knn_3,70.8333,42.7778,33.3333,48.9815,2021-07-08 11:10:48.564760
fourier_grey_mask-fourier_red_mask_knn_5,63.8889,47.7778,35.3333,49.0,2021-07-08 11:10:49.293271
fourier_grey_mask-fourier_red_mask_knn_7,61.6667,48.0556,38.6667,49.463,2021-07-08 11:10:50.013478
fourier_grey_mask-fourier_red_mask_knn_9,58.4028,46.6667,38.0,47.6898,2021-07-08 11:10:50.746254
fourier_grey_mask-fourier_red_mask_knn_11,58.6806,50.5556,36.6667,48.6343,2021-07-08 11:10:51.492496
fourier_grey_mask-fourier_green_mask_knn_3,67.0833,42.2222,35.3333,48.2129,2021-07-08 11:10:52.053311
fourier_grey_mask-fourier_green_mask_knn_5,60.8333,40.8333,33.3333,45.0,2021-07-08 11:10:52.617554
fourier_grey_mask-fourier_green_mask_knn_7,59.375,43.8889,36.6667,46.6435,2021-07-08 11:10:53.185809
fourier_grey_mask-fourier_green_mask_knn_9,56.4583,45.0,34.6667,45.375,2021-07-08 11:10:53.742544
fourier_grey_mask-fourier_green_mask_knn_11,55.5556,45.2778,36.6667,45.8334,2021-07-08 11:10:54.323826
fourier_grey_mask-fourier_blue_mask_knn_3,69.7222,40.0,34.0,47.9074,2021-07-08 11:10:55.053251
fourier_grey_mask-fourier_blue_mask_knn_5,62.3611,42.7778,34.0,46.3796,2021-07-08 11:10:55.784745
fourier_grey_mask-fourier_blue_mask_knn_7,60.625,42.5,38.0,47.0417,2021-07-08 11:10:56.512374
fourier_grey_mask-fourier_blue_mask_knn_9,58.4722,42.7778,39.3333,46.8611,2021-07-08 11:10:57.234166
fourier_grey_mask-fourier_blue_mask_knn_11,56.6667,40.8333,39.3333,45.6111,2021-07-08 11:10:57.971636
fourier_grey_mask-geo_grey_mask_knn_3,74.4444,51.3889,40.6667,55.5,2021-07-08 11:10:58.418286
fourier_grey_mask-geo_grey_mask_knn_5,69.1667,52.2222,43.3333,54.9074,2021-07-08 11:10:58.868230
fourier_grey_mask-geo_grey_mask_knn_7,66.4583,51.3889,42.6667,53.5046,2021-07-08 11:10:59.323343
fourier_grey_mask-geo_grey_mask_knn_9,62.5,55.5556,39.3333,52.463,2021-07-08 11:10:59.775479
fourier_grey_mask-geo_grey_mask_knn_11,63.4028,48.8889,41.3333,51.2083,2021-07-08 11:11:00.214826
fourier_grey_mask-geo_red_mask_knn_3,71.875,49.4444,40.6667,53.9954,2021-07-08 11:11:00.663103
fourier_grey_mask-geo_red_mask_knn_5,67.2917,48.0556,42.6667,52.6713,2021-07-08 11:11:01.088107
fourier_grey_mask-geo_red_mask_knn_7,63.8889,48.8889,42.0,51.5926,2021-07-08 11:11:01.525225
fourier_grey_mask-geo_red_mask_knn_9,62.7083,48.8889,42.6667,51.4213,2021-07-08 11:11:01.953796
fourier_grey_mask-geo_red_mask_knn_11,60.2083,48.6111,44.0,50.9398,2021-07-08 11:11:02.406379
fourier_grey_mask-geo_green_mask_knn_3,73.9583,45.5556,34.6667,51.3935,2021-07-08 11:11:02.863701
fourier_grey_mask-geo_green_mask_knn_5,67.0139,48.8889,36.0,50.6343,2021-07-08 11:11:03.295914
fourier_grey_mask-geo_green_mask_knn_7,64.7222,54.1667,39.3333,52.7407,2021-07-08 11:11:03.730413
fourier_grey_mask-geo_green_mask_knn_9,62.7778,51.3889,40.6667,51.6111,2021-07-08 11:11:04.170377
fourier_grey_mask-geo_green_mask_knn_11,61.3194,49.7222,38.0,49.6805,2021-07-08 11:11:04.616006
fourier_grey_mask-geo_blue_mask_knn_3,75.4167,45.0,39.3333,53.25,2021-07-08 11:11:05.057143
fourier_grey_mask-geo_blue_mask_knn_5,66.875,48.3333,37.3333,50.8472,2021-07-08 11:11:05.499681
fourier_grey_mask-geo_blue_mask_knn_7,64.3056,50.8333,41.3333,52.1574,2021-07-08 11:11:05.928965
fourier_grey_mask-geo_blue_mask_knn_9,63.6111,50.8333,42.0,52.1481,2021-07-08 11:11:06.379885
fourier_grey_mask-geo_blue_mask_knn_11,61.4583,50.5556,40.0,50.6713,2021-07-08 11:11:06.832977
fourier_grey_mask-gab_grey_mask_knn_3,74.3056,50.0,44.6667,56.3241,2021-07-08 11:11:07.451562
fourier_grey_mask-gab_grey_mask_knn_5,69.1667,49.7222,44.0,54.2963,2021-07-08 11:11:08.092037
fourier_grey_mask-gab_grey_mask_knn_7,63.3333,49.1667,43.3333,51.9444,2021-07-08 11:11:08.709829
fourier_grey_mask-gab_grey_mask_knn_9,62.5,48.6111,46.6667,52.5926,2021-07-08 11:11:09.345487
fourier_grey_mask-gab_grey_mask_knn_11,62.6389,50.0,44.6667,52.4352,2021-07-08 11:11:09.965771
fourier_grey_mask-gab_red_mask_knn_3,73.4722,50.0,44.6667,56.0463,2021-07-08 11:11:10.594805
fourier_grey_mask-gab_red_mask_knn_5,64.4444,47.7778,40.6667,50.963,2021-07-08 11:11:11.201457
fourier_grey_mask-gab_red_mask_knn_7,64.5833,48.0556,35.3333,49.3241,2021-07-08 11:11:11.812388
fourier_grey_mask-gab_red_mask_knn_9,60.8333,47.7778,39.3333,49.3148,2021-07-08 11:11:12.417217
fourier_grey_mask-gab_red_mask_knn_11,62.0833,51.9444,39.3333,51.1203,2021-07-08 11:11:13.032879
fourier_grey_mask-gab_green_mask_knn_3,73.4028,51.9444,42.6667,56.0046,2021-07-08 11:11:13.659646
fourier_grey_mask-gab_green_mask_knn_5,65.3472,49.1667,42.0,52.1713,2021-07-08 11:11:14.270997
fourier_grey_mask-gab_green_mask_knn_7,64.1667,50.2778,43.3333,52.5926,2021-07-08 11:11:14.883684
fourier_grey_mask-gab_green_mask_knn_9,64.0972,59.7222,45.3333,56.3842,2021-07-08 11:11:15.506369
fourier_grey_mask-gab_green_mask_knn_11,62.4306,54.1667,46.6667,54.4213,2021-07-08 11:11:16.119072
fourier_grey_mask-gab_blue_mask_knn_3,74.7222,49.7222,48.6667,57.7037,2021-07-08 11:11:16.740278
fourier_grey_mask-gab_blue_mask_knn_5,68.125,47.7778,45.3333,53.7454,2021-07-08 11:11:17.356364
fourier_grey_mask-gab_blue_mask_knn_7,65.625,51.1111,46.0,54.2454,2021-07-08 11:11:17.979643
fourier_grey_mask-gab_blue_mask_knn_9,64.375,55.0,44.6667,54.6806,2021-07-08 11:11:18.618218
fourier_grey_mask-gab_blue_mask_knn_11,63.1944,50.2778,43.3333,52.2685,2021-07-08 11:11:19.264658
fourier_grey_mask-har_grey_mask_knn_3,75.8333,53.3333,49.3333,59.5,2021-07-08 11:11:19.724144
fourier_grey_mask-har_grey_mask_knn_5,72.4306,53.6111,47.3333,57.7917,2021-07-08 11:11:20.172757
fourier_grey_mask-har_grey_mask_knn_7,68.8889,52.5,46.6667,56.0185,2021-07-08 11:11:20.639319
fourier_grey_mask-har_grey_mask_knn_9,66.0417,61.6667,47.3333,58.3472,2021-07-08 11:11:21.096776
fourier_grey_mask-har_grey_mask_knn_11,66.5972,57.2222,48.6667,57.4954,2021-07-08 11:11:21.554344
fourier_grey_mask-har_red_mask_knn_3,75.2778,53.0556,46.6667,58.3334,2021-07-08 11:11:22.029750
fourier_grey_mask-har_red_mask_knn_5,70.2778,49.4444,44.0,54.5741,2021-07-08 11:11:22.489229
fourier_grey_mask-har_red_mask_knn_7,66.9444,53.6111,44.6667,55.0741,2021-07-08 11:11:22.948488
fourier_grey_mask-har_red_mask_knn_9,64.8611,57.7778,44.6667,55.7685,2021-07-08 11:11:23.412697
fourier_grey_mask-har_red_mask_knn_11,65.2083,56.9444,47.3333,56.4953,2021-07-08 11:11:23.883377
fourier_grey_mask-har_green_mask_knn_3,76.5972,52.7778,52.0,60.4583,2021-07-08 11:11:24.374221
fourier_grey_mask-har_green_mask_knn_5,73.8889,54.4444,52.0,60.1111,2021-07-08 11:11:24.833450
fourier_grey_mask-har_green_mask_knn_7,70.7639,56.3889,48.6667,58.6065,2021-07-08 11:11:25.305075
fourier_grey_mask-har_green_mask_knn_9,67.9167,57.5,48.0,57.8056,2021-07-08 11:11:25.760822
fourier_grey_mask-har_green_mask_knn_11,66.3889,61.3889,49.3333,59.037,2021-07-08 11:11:26.216313
fourier_grey_mask-har_blue_mask_knn_3,79.8611,55.2778,54.6667,63.2685,2021-07-08 11:11:26.687445
fourier_grey_mask-har_blue_mask_knn_5,73.125,59.7222,54.6667,62.5046,2021-07-08 11:11:27.144815
fourier_grey_mask-har_blue_mask_knn_7,70.2083,60.8333,56.0,62.3472,2021-07-08 11:11:27.598143
fourier_grey_mask-har_blue_mask_knn_9,70.5556,59.1667,54.0,61.2408,2021-07-08 11:11:28.071077
fourier_grey_mask-har_blue_mask_knn_11,70.2083,59.1667,56.0,61.7917,2021-07-08 11:11:28.539743
fourier_red_mask-fourier_green_mask_knn_3,69.5833,44.7222,38.0,50.7685,2021-07-08 11:11:29.278282
fourier_red_mask-fourier_green_mask_knn_5,63.8194,43.3333,32.6667,46.6065,2021-07-08 11:11:30.002867
fourier_red_mask-fourier_green_mask_knn_7,60.8333,41.9444,36.6667,46.4815,2021-07-08 11:11:30.722651
fourier_red_mask-fourier_green_mask_knn_9,58.4028,45.0,38.0,47.1343,2021-07-08 11:11:31.449685
fourier_red_mask-fourier_green_mask_knn_11,57.3611,42.5,40.6667,46.8426,2021-07-08 11:11:32.188693
fourier_red_mask-fourier_blue_mask_knn_3,69.0972,43.0556,34.6667,48.9398,2021-07-08 11:11:32.922316
fourier_red_mask-fourier_blue_mask_knn_5,64.0972,43.8889,38.6667,48.8843,2021-07-08 11:11:33.653885
fourier_red_mask-fourier_blue_mask_knn_7,63.1944,48.3333,40.0,50.5092,2021-07-08 11:11:34.384964
fourier_red_mask-fourier_blue_mask_knn_9,60.5556,48.0556,36.0,48.2037,2021-07-08 11:11:35.117194
fourier_red_mask-fourier_blue_mask_knn_11,58.9583,43.8889,42.6667,48.5046,2021-07-08 11:11:35.847003
fourier_red_mask-geo_grey_mask_knn_3,73.9583,51.9444,45.3333,57.0787,2021-07-08 11:11:36.299409
fourier_red_mask-geo_grey_mask_knn_5,67.9167,51.6667,40.0,53.1945,2021-07-08 11:11:36.736493
fourier_red_mask-geo_grey_mask_knn_7,64.7917,50.0,46.0,53.5972,2021-07-08 11:11:37.174382
fourier_red_mask-geo_grey_mask_knn_9,64.1667,53.8889,45.3333,54.463,2021-07-08 11:11:37.609207
fourier_red_mask-geo_grey_mask_knn_11,63.8889,49.1667,46.0,53.0185,2021-07-08 11:11:38.050883
fourier_red_mask-geo_red_mask_knn_3,72.7778,49.1667,39.3333,53.7593,2021-07-08 11:11:38.488243
fourier_red_mask-geo_red_mask_knn_5,68.0556,51.3889,38.6667,52.7037,2021-07-08 11:11:38.928720
fourier_red_mask-geo_red_mask_knn_7,65.2083,49.4444,39.3333,51.3287,2021-07-08 11:11:39.384864
fourier_red_mask-geo_red_mask_knn_9,62.7778,51.3889,41.3333,51.8333,2021-07-08 11:11:39.816729
fourier_red_mask-geo_red_mask_knn_11,61.3194,51.1111,44.0,52.1435,2021-07-08 11:11:40.253384
fourier_red_mask-geo_green_mask_knn_3,74.0278,50.0,41.3333,55.1204,2021-07-08 11:11:40.706786
fourier_red_mask-geo_green_mask_knn_5,67.7083,50.0,42.0,53.2361,2021-07-08 11:11:41.155504
fourier_red_mask-geo_green_mask_knn_7,62.7083,50.5556,41.3333,51.5324,2021-07-08 11:11:41.595687
fourier_red_mask-geo_green_mask_knn_9,61.6667,50.0,42.0,51.2222,2021-07-08 11:11:42.041213
fourier_red_mask-geo_green_mask_knn_11,62.7778,51.6667,42.6667,52.3704,2021-07-08 11:11:42.482353
fourier_red_mask-geo_blue_mask_knn_3,76.3889,50.0,42.0,56.1296,2021-07-08 11:11:42.923014
fourier_red_mask-geo_blue_mask_knn_5,67.2222,51.6667,44.6667,54.5185,2021-07-08 11:11:43.373052
fourier_red_mask-geo_blue_mask_knn_7,65.3472,52.5,42.6667,53.5046,2021-07-08 11:11:43.805712
fourier_red_mask-geo_blue_mask_knn_9,63.125,52.5,44.6667,53.4306,2021-07-08 11:11:44.258274
fourier_red_mask-geo_blue_mask_knn_11,62.5,53.6111,43.3333,53.1481,2021-07-08 11:11:44.697203
fourier_red_mask-gab_grey_mask_knn_3,76.5972,52.7778,39.3333,56.2361,2021-07-08 11:11:45.327287
fourier_red_mask-gab_grey_mask_knn_5,68.1944,53.0556,43.3333,54.8611,2021-07-08 11:11:45.934063
fourier_red_mask-gab_grey_mask_knn_7,64.0972,51.3889,38.6667,51.3843,2021-07-08 11:11:46.552409
fourier_red_mask-gab_grey_mask_knn_9,62.5,49.1667,43.3333,51.6667,2021-07-08 11:11:47.169713
fourier_red_mask-gab_grey_mask_knn_11,62.1528,50.2778,44.6667,52.3658,2021-07-08 11:11:47.782247
fourier_red_mask-gab_red_mask_knn_3,73.4028,48.8889,38.6667,53.6528,2021-07-08 11:11:48.413377
fourier_red_mask-gab_red_mask_knn_5,67.4306,50.8333,40.6667,52.9769,2021-07-08 11:11:49.018598
fourier_red_mask-gab_red_mask_knn_7,65.5556,46.3889,38.6667,50.2037,2021-07-08 11:11:49.650652
fourier_red_mask-gab_red_mask_knn_9,61.0417,47.7778,38.6667,49.1621,2021-07-08 11:11:50.300447
fourier_red_mask-gab_red_mask_knn_11,60.6944,49.7222,44.6667,51.6944,2021-07-08 11:11:50.916151
fourier_red_mask-gab_green_mask_knn_3,75.9028,52.7778,38.6667,55.7824,2021-07-08 11:11:51.548746
fourier_red_mask-gab_green_mask_knn_5,68.6806,46.1111,40.6667,51.8195,2021-07-08 11:11:52.150555
fourier_red_mask-gab_green_mask_knn_7,65.2778,55.0,39.3333,53.2037,2021-07-08 11:11:52.760395
fourier_red_mask-gab_green_mask_knn_9,64.7917,50.5556,42.6667,52.6713,2021-07-08 11:11:53.376572
fourier_red_mask-gab_green_mask_knn_11,62.0833,52.7778,42.6667,52.5093,2021-07-08 11:11:53.979083
fourier_red_mask-gab_blue_mask_knn_3,77.3611,52.2222,44.0,57.8611,2021-07-08 11:11:54.635580
fourier_red_mask-gab_blue_mask_knn_5,68.3333,50.2778,44.0,54.2037,2021-07-08 11:11:55.248237
fourier_red_mask-gab_blue_mask_knn_7,67.2222,48.0556,41.3333,52.2037,2021-07-08 11:11:55.863259
fourier_red_mask-gab_blue_mask_knn_9,64.0972,54.1667,42.0,53.4213,2021-07-08 11:11:56.481984
fourier_red_mask-gab_blue_mask_knn_11,62.3611,57.2222,41.3333,53.6389,2021-07-08 11:11:57.098311
fourier_red_mask-har_grey_mask_knn_3,78.3333,56.3889,42.6667,59.1296,2021-07-08 11:11:57.571359
fourier_red_mask-har_grey_mask_knn_5,70.2083,53.8889,49.3333,57.8102,2021-07-08 11:11:58.017768
fourier_red_mask-har_grey_mask_knn_7,69.1667,54.1667,47.3333,56.8889,2021-07-08 11:11:58.493389
fourier_red_mask-har_grey_mask_knn_9,67.8472,56.3889,46.6667,56.9676,2021-07-08 11:11:58.946966
fourier_red_mask-har_grey_mask_knn_11,66.5278,60.0,45.3333,57.287,2021-07-08 11:11:59.436279
fourier_red_mask-har_red_mask_knn_3,74.4444,51.3889,43.3333,56.3889,2021-07-08 11:11:59.896820
fourier_red_mask-har_red_mask_knn_5,71.875,54.7222,48.6667,58.4213,2021-07-08 11:12:00.352330
fourier_red_mask-har_red_mask_knn_7,68.1944,56.6667,48.0,57.6204,2021-07-08 11:12:00.808084
fourier_red_mask-har_red_mask_knn_9,67.5694,53.0556,48.6667,56.4306,2021-07-08 11:12:01.256921
fourier_red_mask-har_red_mask_knn_11,63.8889,56.6667,47.3333,55.963,2021-07-08 11:12:01.727275
fourier_red_mask-har_green_mask_knn_3,78.125,57.7778,46.6667,60.8565,2021-07-08 11:12:02.182660
fourier_red_mask-har_green_mask_knn_5,72.3611,56.9444,49.3333,59.5463,2021-07-08 11:12:02.641371
fourier_red_mask-har_green_mask_knn_7,70.1389,55.0,51.3333,58.8241,2021-07-08 11:12:03.089296
fourier_red_mask-har_green_mask_knn_9,68.75,52.5,52.6667,57.9722,2021-07-08 11:12:03.554747
fourier_red_mask-har_green_mask_knn_11,69.5139,58.8889,46.6667,58.3565,2021-07-08 11:12:04.009608
fourier_red_mask-har_blue_mask_knn_3,79.0278,58.0556,54.0,63.6945,2021-07-08 11:12:04.483223
fourier_red_mask-har_blue_mask_knn_5,75.5556,58.6111,55.3333,63.1667,2021-07-08 11:12:04.934122
fourier_red_mask-har_blue_mask_knn_7,72.7778,61.6667,54.0,62.8148,2021-07-08 11:12:05.398540
fourier_red_mask-har_blue_mask_knn_9,70.5556,65.5556,52.0,62.7037,2021-07-08 11:12:05.850943
fourier_red_mask-har_blue_mask_knn_11,68.5417,62.5,48.6667,59.9028,2021-07-08 11:12:06.303205
fourier_green_mask-fourier_blue_mask_knn_3,70.0,40.8333,36.0,48.9444,2021-07-08 11:12:07.039669
fourier_green_mask-fourier_blue_mask_knn_5,61.8056,48.0556,32.0,47.2871,2021-07-08 11:12:07.768825
fourier_green_mask-fourier_blue_mask_knn_7,59.0278,48.8889,37.3333,48.4167,2021-07-08 11:12:08.501031
fourier_green_mask-fourier_blue_mask_knn_9,59.9306,41.1111,36.0,45.6806,2021-07-08 11:12:09.234578
fourier_green_mask-fourier_blue_mask_knn_11,55.4861,44.7222,36.0,45.4028,2021-07-08 11:12:09.985060
fourier_green_mask-geo_grey_mask_knn_3,72.5,49.4444,41.3333,54.4259,2021-07-08 11:12:10.429330
fourier_green_mask-geo_grey_mask_knn_5,69.6528,52.7778,42.6667,55.0324,2021-07-08 11:12:10.867110
fourier_green_mask-geo_grey_mask_knn_7,64.375,49.7222,47.3333,53.8102,2021-07-08 11:12:11.303566
fourier_green_mask-geo_grey_mask_knn_9,63.8889,50.5556,48.6667,54.3704,2021-07-08 11:12:11.750536
fourier_green_mask-geo_grey_mask_knn_11,61.1111,53.0556,46.6667,53.6111,2021-07-08 11:12:12.185403
fourier_green_mask-geo_red_mask_knn_3,73.2639,49.4444,36.6667,53.125,2021-07-08 11:12:12.631508
fourier_green_mask-geo_red_mask_knn_5,66.875,47.7778,42.0,52.2176,2021-07-08 11:12:13.064646
fourier_green_mask-geo_red_mask_knn_9,60.625,45.8333,43.3333,49.9305,2021-07-08 11:12:13.845141
fourier_green_mask-geo_red_mask_knn_11,59.9306,47.7778,43.3333,50.3472,2021-07-08 11:12:14.295934
fourier_green_mask-geo_green_mask_knn_3,73.8194,44.7222,41.3333,53.2916,2021-07-08 11:12:14.746462
fourier_green_mask-geo_green_mask_knn_5,67.9167,49.7222,38.6667,52.1019,2021-07-08 11:12:15.177267
fourier_green_mask-geo_green_mask_knn_7,66.0417,48.8889,36.0,50.3102,2021-07-08 11:12:15.621555
fourier_green_mask-geo_green_mask_knn_9,63.5417,50.5556,40.0,51.3658,2021-07-08 11:12:16.055745
fourier_green_mask-geo_green_mask_knn_11,63.125,50.2778,39.3333,50.912,2021-07-08 11:12:16.489906
fourier_green_mask-geo_blue_mask_knn_3,72.4306,51.3889,39.3333,54.3843,2021-07-08 11:12:16.940312
fourier_green_mask-geo_blue_mask_knn_5,68.0556,51.6667,38.0,52.5741,2021-07-08 11:12:17.375391
fourier_green_mask-geo_blue_mask_knn_7,65.7639,46.1111,44.0,51.9583,2021-07-08 11:12:17.822749
fourier_green_mask-geo_blue_mask_knn_9,62.3611,53.3333,44.6667,53.4537,2021-07-08 11:12:18.257505
fourier_green_mask-geo_blue_mask_knn_11,61.4583,49.1667,44.0,51.5417,2021-07-08 11:12:18.712624
fourier_green_mask-gab_grey_mask_knn_3,72.7778,45.2778,47.3333,55.1296,2021-07-08 11:12:19.336837
fourier_green_mask-gab_grey_mask_knn_5,65.8333,51.3889,40.0,52.4074,2021-07-08 11:12:19.954345
fourier_green_mask-gab_grey_mask_knn_7,65.0,52.2222,38.0,51.7407,2021-07-08 11:12:20.591994
fourier_green_mask-gab_grey_mask_knn_9,63.75,48.0556,43.3333,51.713,2021-07-08 11:12:21.231574
fourier_green_mask-gab_grey_mask_knn_11,60.0694,47.2222,40.6667,49.3194,2021-07-08 11:12:21.861149
fourier_green_mask-gab_red_mask_knn_3,73.1944,45.2778,44.0,54.1574,2021-07-08 11:12:22.496407
fourier_green_mask-gab_red_mask_knn_5,65.5556,45.0,38.6667,49.7408,2021-07-08 11:12:23.106134
fourier_green_mask-gab_red_mask_knn_7,63.75,49.1667,40.6667,51.1945,2021-07-08 11:12:23.732427
fourier_green_mask-gab_red_mask_knn_9,62.2222,47.5,42.6667,50.7963,2021-07-08 11:12:24.365670
fourier_green_mask-gab_red_mask_knn_11,60.9028,50.0,41.3333,50.7454,2021-07-08 11:12:24.984771
fourier_green_mask-gab_green_mask_knn_3,74.5139,53.3333,46.0,57.9491,2021-07-08 11:12:25.603933
fourier_green_mask-gab_green_mask_knn_5,65.4861,52.5,38.6667,52.2176,2021-07-08 11:12:26.219571
fourier_green_mask-gab_green_mask_knn_7,64.7222,48.3333,39.3333,50.7963,2021-07-08 11:12:26.830029
fourier_green_mask-gab_green_mask_knn_9,64.375,51.1111,42.6667,52.7176,2021-07-08 11:12:27.449653
fourier_green_mask-gab_green_mask_knn_11,62.6389,51.9444,41.3333,51.9722,2021-07-08 11:12:28.061735
fourier_green_mask-gab_blue_mask_knn_3,74.7222,47.7778,44.0,55.5,2021-07-08 11:12:28.678284
fourier_green_mask-gab_blue_mask_knn_5,67.5694,53.8889,42.6667,54.7083,2021-07-08 11:12:29.297707
fourier_green_mask-gab_blue_mask_knn_7,65.8333,51.9444,39.3333,52.3703,2021-07-08 11:12:29.910374
fourier_green_mask-gab_blue_mask_knn_9,61.3194,54.1667,41.3333,52.2731,2021-07-08 11:12:30.548174
fourier_green_mask-gab_blue_mask_knn_11,61.1111,58.0556,41.3333,53.5,2021-07-08 11:12:31.169395
fourier_green_mask-har_grey_mask_knn_3,76.9444,58.3333,49.3333,61.537,2021-07-08 11:12:31.632284
fourier_green_mask-har_grey_mask_knn_5,70.7639,54.4444,46.6667,57.2917,2021-07-08 11:12:32.090135
fourier_green_mask-har_grey_mask_knn_7,69.9306,55.5556,46.6667,57.3843,2021-07-08 11:12:32.540661
fourier_green_mask-har_grey_mask_knn_9,68.8889,54.1667,49.3333,57.463,2021-07-08 11:12:32.997309
fourier_green_mask-har_grey_mask_knn_11,66.5278,59.4444,52.6667,59.5463,2021-07-08 11:12:33.464713
fourier_green_mask-har_red_mask_knn_3,75.4861,48.3333,44.6667,56.162,2021-07-08 11:12:33.946018
fourier_green_mask-har_red_mask_knn_5,70.2083,55.2778,42.0,55.8287,2021-07-08 11:12:34.428954
fourier_green_mask-har_red_mask_knn_7,66.3889,60.2778,43.3333,56.6667,2021-07-08 11:12:34.909844
fourier_green_mask-har_red_mask_knn_9,65.5556,53.8889,43.3333,54.2593,2021-07-08 11:12:35.385826
fourier_green_mask-har_red_mask_knn_11,65.9028,55.5556,45.3333,55.5972,2021-07-08 11:12:35.842093
fourier_green_mask-har_green_mask_knn_3,76.5972,52.7778,50.0,59.7917,2021-07-08 11:12:36.305963
fourier_green_mask-har_green_mask_knn_5,71.1111,58.3333,49.3333,59.5926,2021-07-08 11:12:36.760622
fourier_green_mask-har_green_mask_knn_7,70.7639,58.0556,50.6667,59.8287,2021-07-08 11:12:37.219737
fourier_green_mask-har_green_mask_knn_9,67.6389,56.3889,51.3333,58.4537,2021-07-08 11:12:37.678381
fourier_green_mask-har_green_mask_knn_11,66.3889,58.8889,50.0,58.4259,2021-07-08 11:12:38.137503
fourier_green_mask-har_blue_mask_knn_3,79.1667,53.0556,50.6667,60.963,2021-07-08 11:12:38.593311
fourier_green_mask-har_blue_mask_knn_5,73.75,64.1667,50.6667,62.8611,2021-07-08 11:12:39.047598
fourier_green_mask-har_blue_mask_knn_7,72.2222,58.3333,51.3333,60.6296,2021-07-08 11:12:39.526774
fourier_green_mask-har_blue_mask_knn_9,70.0,59.1667,57.3333,62.1667,2021-07-08 11:12:40.000917
fourier_green_mask-har_blue_mask_knn_11,67.9167,59.7222,52.6667,60.1019,2021-07-08 11:12:40.474360
fourier_blue_mask-geo_grey_mask_knn_3,73.6111,50.5556,40.6667,54.9445,2021-07-08 11:12:40.931927
fourier_blue_mask-geo_grey_mask_knn_5,66.875,51.1111,38.6667,52.2176,2021-07-08 11:12:41.385681
fourier_blue_mask-geo_grey_mask_knn_7,65.3472,52.5,40.6667,52.838,2021-07-08 11:12:41.822068
fourier_blue_mask-geo_grey_mask_knn_9,63.2639,51.6667,45.3333,53.4213,2021-07-08 11:12:42.295942
fourier_blue_mask-geo_grey_mask_knn_11,63.9583,55.2778,42.6667,53.9676,2021-07-08 11:12:42.737976
fourier_blue_mask-geo_red_mask_knn_3,72.0833,50.0,38.0,53.3611,2021-07-08 11:12:43.179349
fourier_blue_mask-geo_red_mask_knn_5,66.3194,46.6667,40.0,50.9954,2021-07-08 11:12:43.615060
fourier_blue_mask-geo_red_mask_knn_9,62.5694,46.9444,42.0,50.5046,2021-07-08 11:12:44.416575
fourier_blue_mask-geo_red_mask_knn_11,60.0,52.2222,42.6667,51.6296,2021-07-08 11:12:44.850429
fourier_blue_mask-geo_green_mask_knn_3,72.7778,46.6667,39.3333,52.9259,2021-07-08 11:12:45.310489
fourier_blue_mask-geo_green_mask_knn_5,63.9583,52.2222,37.3333,51.1713,2021-07-08 11:12:45.743755
fourier_blue_mask-geo_green_mask_knn_7,64.7222,50.0,41.3333,52.0185,2021-07-08 11:12:46.187380
fourier_blue_mask-geo_green_mask_knn_9,63.5417,52.7778,41.3333,52.5509,2021-07-08 11:12:46.626156
fourier_blue_mask-geo_green_mask_knn_11,62.3611,52.2222,42.0,52.1944,2021-07-08 11:12:47.070454
fourier_blue_mask-geo_blue_mask_knn_3,72.7083,47.5,44.6667,54.9583,2021-07-08 11:12:47.517275
fourier_blue_mask-geo_blue_mask_knn_5,67.8472,43.8889,46.0,52.5787,2021-07-08 11:12:47.947511
fourier_blue_mask-geo_blue_mask_knn_7,64.0972,48.3333,46.0,52.8102,2021-07-08 11:12:48.385253
fourier_blue_mask-geo_blue_mask_knn_9,63.8889,53.8889,44.6667,54.1482,2021-07-08 11:12:48.819598
fourier_blue_mask-geo_blue_mask_knn_11,62.5694,55.2778,47.3333,55.0602,2021-07-08 11:12:49.284853
fourier_blue_mask-gab_grey_mask_knn_3,72.8472,47.5,43.3333,54.5602,2021-07-08 11:12:49.916759
fourier_blue_mask-gab_grey_mask_knn_5,67.8472,50.5556,47.3333,55.2454,2021-07-08 11:12:50.547716
fourier_blue_mask-gab_grey_mask_knn_7,64.2361,50.8333,49.3333,54.8009,2021-07-08 11:12:51.175464
fourier_blue_mask-gab_grey_mask_knn_9,63.5417,52.5,46.0,54.0139,2021-07-08 11:12:51.804110
fourier_blue_mask-gab_grey_mask_knn_11,61.3889,54.1667,49.3333,54.963,2021-07-08 11:12:52.422322
fourier_blue_mask-gab_red_mask_knn_3,73.9583,47.5,45.3333,55.5972,2021-07-08 11:12:53.044745
fourier_blue_mask-gab_red_mask_knn_5,66.0417,46.6667,47.3333,53.3472,2021-07-08 11:12:53.662810
fourier_blue_mask-gab_red_mask_knn_7,64.0278,48.8889,47.3333,53.4167,2021-07-08 11:12:54.291867
fourier_blue_mask-gab_red_mask_knn_9,62.2222,55.0,48.0,55.0741,2021-07-08 11:12:54.905915
fourier_blue_mask-gab_red_mask_knn_11,62.5,49.1667,45.3333,52.3333,2021-07-08 11:12:55.520219
fourier_blue_mask-gab_green_mask_knn_3,72.0139,51.9444,43.3333,55.7639,2021-07-08 11:12:56.131361
fourier_blue_mask-gab_green_mask_knn_5,66.9444,49.1667,44.6667,53.5926,2021-07-08 11:12:56.733779
fourier_blue_mask-gab_green_mask_knn_7,64.8611,51.9444,44.6667,53.8241,2021-07-08 11:12:57.345984
fourier_blue_mask-gab_green_mask_knn_9,64.3056,53.6111,46.0,54.6389,2021-07-08 11:12:57.968239
fourier_blue_mask-gab_green_mask_knn_11,63.4722,55.0,49.3333,55.9352,2021-07-08 11:12:58.588668
fourier_blue_mask-gab_blue_mask_knn_3,74.5833,49.7222,46.0,56.7685,2021-07-08 11:12:59.206171
fourier_blue_mask-gab_blue_mask_knn_5,68.4722,50.8333,46.6667,55.3241,2021-07-08 11:12:59.813089
fourier_blue_mask-gab_blue_mask_knn_7,66.1806,54.4444,46.6667,55.7639,2021-07-08 11:13:00.423115
fourier_blue_mask-gab_blue_mask_knn_9,65.0,58.6111,46.6667,56.7593,2021-07-08 11:13:01.026871
fourier_blue_mask-gab_blue_mask_knn_11,63.6111,56.3889,50.0,56.6667,2021-07-08 11:13:01.653907
fourier_blue_mask-har_grey_mask_knn_3,75.625,48.6111,43.3333,55.8565,2021-07-08 11:13:02.112971
fourier_blue_mask-har_grey_mask_knn_5,69.0972,53.0556,50.0,57.3843,2021-07-08 11:13:02.572043
fourier_blue_mask-har_grey_mask_knn_7,68.1944,57.5,51.3333,59.0092,2021-07-08 11:13:03.023279
fourier_blue_mask-har_grey_mask_knn_9,69.375,56.6667,54.0,60.0139,2021-07-08 11:13:03.489206
fourier_blue_mask-har_grey_mask_knn_11,66.7361,60.0,53.3333,60.0231,2021-07-08 11:13:03.945705
fourier_blue_mask-har_red_mask_knn_3,75.2778,51.6667,43.3333,56.7593,2021-07-08 11:13:04.423436
fourier_blue_mask-har_red_mask_knn_5,71.1111,50.8333,46.0,55.9815,2021-07-08 11:13:04.885253
fourier_blue_mask-har_red_mask_knn_7,68.2639,53.6111,44.6667,55.5139,2021-07-08 11:13:05.343939
fourier_blue_mask-har_red_mask_knn_9,66.3889,54.1667,47.3333,55.963,2021-07-08 11:13:05.803716
fourier_blue_mask-har_red_mask_knn_11,65.7639,58.6111,46.6667,57.0139,2021-07-08 11:13:06.285645
fourier_blue_mask-har_green_mask_knn_3,77.5694,53.0556,47.3333,59.3194,2021-07-08 11:13:06.747786
fourier_blue_mask-har_green_mask_knn_5,69.9306,54.4444,51.3333,58.5694,2021-07-08 11:13:07.198144
fourier_blue_mask-har_green_mask_knn_7,69.0972,55.5556,54.6667,59.7732,2021-07-08 11:13:07.654881
fourier_blue_mask-har_green_mask_knn_9,67.2917,57.2222,54.6667,59.7269,2021-07-08 11:13:08.107375
fourier_blue_mask-har_green_mask_knn_11,64.9306,58.0556,54.6667,59.2176,2021-07-08 11:13:08.566263
fourier_blue_mask-har_blue_mask_knn_3,77.7083,62.2222,53.3333,64.4213,2021-07-08 11:13:09.028184
fourier_blue_mask-har_blue_mask_knn_5,73.75,60.0,54.6667,62.8056,2021-07-08 11:13:09.488357
fourier_blue_mask-har_blue_mask_knn_7,69.7917,58.8889,52.0,60.2269,2021-07-08 11:13:09.938246
fourier_blue_mask-har_blue_mask_knn_9,70.0694,61.6667,57.3333,63.0231,2021-07-08 11:13:10.389281
fourier_blue_mask-har_blue_mask_knn_11,68.2639,63.0556,56.0,62.4398,2021-07-08 11:13:10.845006
geo_grey_mask-geo_red_mask_knn_3,80.9722,54.4444,44.0,59.8055,2021-07-08 11:13:11.043945
geo_grey_mask-geo_red_mask_knn_5,61.9444,49.1667,42.6667,51.2593,2021-07-08 11:13:11.226607
geo_grey_mask-geo_red_mask_knn_9,60.9722,56.1111,39.3333,52.1389,2021-07-08 11:13:11.604045
geo_grey_mask-geo_red_mask_knn_11,59.8611,52.2222,46.0,52.6944,2021-07-08 11:13:11.800225
geo_grey_mask-geo_green_mask_knn_3,86.3889,58.0556,43.3333,62.5926,2021-07-08 11:13:11.985582
geo_grey_mask-geo_green_mask_knn_5,70.1389,56.9444,52.6667,59.9167,2021-07-08 11:13:12.162736
geo_grey_mask-geo_green_mask_knn_7,66.1806,56.1111,44.6667,55.6528,2021-07-08 11:13:12.339484
geo_grey_mask-geo_green_mask_knn_9,62.8472,52.5,51.3333,55.5602,2021-07-08 11:13:12.529334
geo_grey_mask-geo_green_mask_knn_11,62.0833,56.6667,52.6667,57.1389,2021-07-08 11:13:12.716948
geo_grey_mask-geo_blue_mask_knn_3,88.125,54.4444,42.6667,61.7454,2021-07-08 11:13:12.913729
geo_grey_mask-geo_blue_mask_knn_5,73.4722,60.0,48.0,60.4907,2021-07-08 11:13:13.100071
geo_grey_mask-geo_blue_mask_knn_7,70.1389,62.2222,50.6667,61.0093,2021-07-08 11:13:13.284352
geo_grey_mask-geo_blue_mask_knn_9,65.4861,56.6667,56.6667,59.6065,2021-07-08 11:13:13.475696
geo_grey_mask-geo_blue_mask_knn_11,61.3889,55.0,53.3333,56.5741,2021-07-08 11:13:13.677004
geo_grey_mask-gab_grey_mask_knn_3,86.875,65.5556,51.3333,67.9213,2021-07-08 11:13:13.937994
geo_grey_mask-gab_grey_mask_knn_5,78.9583,69.4444,48.6667,65.6898,2021-07-08 11:13:14.204888
geo_grey_mask-gab_grey_mask_knn_7,75.625,67.5,52.6667,65.2639,2021-07-08 11:13:14.485848
geo_grey_mask-gab_grey_mask_knn_9,73.5417,64.7222,53.3333,63.8657,2021-07-08 11:13:14.750179
geo_grey_mask-gab_grey_mask_knn_11,72.4306,66.3889,54.6667,64.4954,2021-07-08 11:13:15.016674
geo_grey_mask-gab_red_mask_knn_3,85.2083,61.9444,54.0,67.0509,2021-07-08 11:13:15.285501
geo_grey_mask-gab_red_mask_knn_5,76.8056,63.6111,50.6667,63.6945,2021-07-08 11:13:15.553665
geo_grey_mask-gab_red_mask_knn_7,72.9167,60.8333,51.3333,61.6944,2021-07-08 11:13:15.815756
geo_grey_mask-gab_red_mask_knn_9,71.5972,62.5,52.0,62.0324,2021-07-08 11:13:16.097581
geo_grey_mask-gab_red_mask_knn_11,70.0,62.5,54.0,62.1667,2021-07-08 11:13:16.372991
geo_grey_mask-gab_green_mask_knn_3,89.375,66.1111,51.3333,68.9398,2021-07-08 11:13:16.643132
geo_grey_mask-gab_green_mask_knn_5,80.2778,65.5556,51.3333,65.7222,2021-07-08 11:13:16.914462
geo_grey_mask-gab_green_mask_knn_7,75.9722,65.8333,53.3333,65.0463,2021-07-08 11:13:17.172389
geo_grey_mask-gab_green_mask_knn_9,73.0556,68.0556,53.3333,64.8148,2021-07-08 11:13:17.435688
geo_grey_mask-gab_green_mask_knn_11,71.7361,67.2222,52.0,63.6528,2021-07-08 11:13:17.714801
geo_grey_mask-gab_blue_mask_knn_3,88.6111,73.8889,52.6667,71.7222,2021-07-08 11:13:17.976433
geo_grey_mask-gab_blue_mask_knn_5,80.625,69.1667,57.3333,69.0417,2021-07-08 11:13:18.240771
geo_grey_mask-gab_blue_mask_knn_7,77.4306,68.8889,54.6667,66.9954,2021-07-08 11:13:18.505424
geo_grey_mask-gab_blue_mask_knn_9,76.0417,65.2778,58.6667,66.6621,2021-07-08 11:13:18.770551
geo_grey_mask-gab_blue_mask_knn_11,74.1667,70.5556,56.6667,67.1297,2021-07-08 11:13:19.036835
geo_grey_mask-har_grey_mask_knn_3,95.0,74.4444,52.6667,74.037,2021-07-08 11:13:19.222284
geo_grey_mask-har_grey_mask_knn_5,80.2083,70.8333,58.6667,69.9028,2021-07-08 11:13:19.424875
geo_grey_mask-har_grey_mask_knn_7,76.875,75.5556,56.0,69.4769,2021-07-08 11:13:19.620419
geo_grey_mask-har_grey_mask_knn_9,77.0139,72.2222,55.3333,68.1898,2021-07-08 11:13:19.807192
geo_grey_mask-har_grey_mask_knn_11,75.7639,73.3333,55.3333,68.1435,2021-07-08 11:13:20.003349
geo_grey_mask-har_red_mask_knn_3,93.75,70.8333,49.3333,71.3055,2021-07-08 11:13:20.195156
geo_grey_mask-har_red_mask_knn_5,80.4861,70.5556,54.0,68.3472,2021-07-08 11:13:20.389021
geo_grey_mask-har_red_mask_knn_7,76.3889,66.9444,53.3333,65.5555,2021-07-08 11:13:20.580700
geo_grey_mask-har_red_mask_knn_9,73.6806,64.1667,51.3333,63.0602,2021-07-08 11:13:20.775442
geo_grey_mask-har_red_mask_knn_11,72.5,62.2222,50.6667,61.7963,2021-07-08 11:13:20.973491
geo_grey_mask-har_green_mask_knn_3,94.5833,73.0556,59.3333,75.6574,2021-07-08 11:13:21.162372
geo_grey_mask-har_green_mask_knn_5,82.1528,68.6111,59.3333,70.0324,2021-07-08 11:13:21.350281
geo_grey_mask-har_green_mask_knn_7,77.7778,71.1111,60.6667,69.8519,2021-07-08 11:13:21.535273
geo_grey_mask-har_green_mask_knn_9,75.2778,68.8889,60.6667,68.2778,2021-07-08 11:13:21.734501
geo_grey_mask-har_green_mask_knn_11,73.5417,69.4444,60.6667,67.8843,2021-07-08 11:13:21.945235
geo_grey_mask-har_blue_mask_knn_3,95.4861,75.5556,60.6667,77.2361,2021-07-08 11:13:22.120877
geo_grey_mask-har_blue_mask_knn_5,81.5278,72.2222,58.6667,70.8056,2021-07-08 11:13:22.291541
geo_grey_mask-har_blue_mask_knn_7,80.2083,66.6667,62.6667,69.8472,2021-07-08 11:13:22.473261
geo_grey_mask-har_blue_mask_knn_9,75.8333,70.5556,64.0,70.1296,2021-07-08 11:13:22.675902
geo_grey_mask-har_blue_mask_knn_11,75.8333,71.6667,64.6667,70.7222,2021-07-08 11:13:22.872559
geo_red_mask-geo_green_mask_knn_3,86.6667,54.1667,47.3333,62.7222,2021-07-08 11:13:23.071665
geo_red_mask-geo_green_mask_knn_5,68.0556,54.4444,48.6667,57.0556,2021-07-08 11:13:23.257920
geo_red_mask-geo_green_mask_knn_7,65.8333,51.9444,48.0,55.2592,2021-07-08 11:13:23.453616
geo_red_mask-geo_green_mask_knn_9,62.9861,55.2778,45.3333,54.5324,2021-07-08 11:13:23.643217
geo_red_mask-geo_green_mask_knn_11,59.5139,51.3889,46.6667,52.5232,2021-07-08 11:13:23.844899
geo_red_mask-geo_blue_mask_knn_3,87.1528,54.4444,51.3333,64.3102,2021-07-08 11:13:24.049071
geo_red_mask-geo_blue_mask_knn_5,69.8611,63.3333,50.6667,61.287,2021-07-08 11:13:24.230919
geo_red_mask-geo_blue_mask_knn_7,68.2639,50.5556,49.3333,56.0509,2021-07-08 11:13:24.420500
geo_red_mask-geo_blue_mask_knn_9,63.6111,53.3333,46.6667,54.537,2021-07-08 11:13:24.613320
geo_red_mask-geo_blue_mask_knn_11,63.125,55.8333,47.3333,55.4305,2021-07-08 11:13:24.807549
geo_red_mask-gab_grey_mask_knn_3,84.2361,62.7778,50.0,65.6713,2021-07-08 11:13:25.094112
geo_red_mask-gab_grey_mask_knn_5,75.1389,61.1111,51.3333,62.5278,2021-07-08 11:13:25.350314
geo_red_mask-gab_grey_mask_knn_7,70.5556,63.0556,51.3333,61.6482,2021-07-08 11:13:25.622807
geo_red_mask-gab_grey_mask_knn_9,70.8333,63.6111,56.0,63.4815,2021-07-08 11:13:25.900789
geo_red_mask-gab_grey_mask_knn_11,69.5833,62.5,52.6667,61.5833,2021-07-08 11:13:26.172044
geo_red_mask-gab_red_mask_knn_3,82.4306,60.2778,49.3333,64.0139,2021-07-08 11:13:26.439484
geo_red_mask-gab_red_mask_knn_5,74.2361,56.6667,46.6667,59.1898,2021-07-08 11:13:26.696690
geo_red_mask-gab_red_mask_knn_7,71.3889,57.2222,48.0,58.8704,2021-07-08 11:13:26.967544
geo_red_mask-gab_red_mask_knn_9,67.3611,58.6111,50.0,58.6574,2021-07-08 11:13:27.246053
geo_red_mask-gab_red_mask_knn_11,66.3889,56.9444,46.6667,56.6667,2021-07-08 11:13:27.533716
geo_red_mask-gab_green_mask_knn_3,85.4167,62.5,49.3333,65.75,2021-07-08 11:13:27.804366
geo_red_mask-gab_green_mask_knn_5,75.9722,62.2222,55.3333,64.5092,2021-07-08 11:13:28.064495
geo_red_mask-gab_green_mask_knn_7,72.0833,60.8333,54.0,62.3055,2021-07-08 11:13:28.335235
geo_red_mask-gab_green_mask_knn_9,69.5139,58.0556,52.6667,60.0787,2021-07-08 11:13:28.605159
geo_red_mask-gab_blue_mask_knn_3,86.5972,66.9444,60.0,71.1805,2021-07-08 11:13:29.109636
geo_red_mask-gab_blue_mask_knn_5,78.2639,68.6111,53.3333,66.7361,2021-07-08 11:13:29.388530
geo_red_mask-gab_blue_mask_knn_7,76.25,64.4444,58.0,66.2315,2021-07-08 11:13:29.654817
geo_red_mask-gab_blue_mask_knn_9,73.9583,65.8333,56.6667,65.4861,2021-07-08 11:13:29.938756
geo_red_mask-gab_blue_mask_knn_11,72.5,62.5,54.6667,63.2222,2021-07-08 11:13:30.209089
geo_red_mask-har_grey_mask_knn_3,93.8194,73.0556,56.0,74.2917,2021-07-08 11:13:30.404005
geo_red_mask-har_grey_mask_knn_5,81.3889,71.9444,54.0,69.1111,2021-07-08 11:13:30.595837
geo_red_mask-har_grey_mask_knn_7,76.875,67.5,57.3333,67.2361,2021-07-08 11:13:30.788793
geo_red_mask-har_grey_mask_knn_9,76.0417,71.3889,60.0,69.1435,2021-07-08 11:13:30.990187
geo_red_mask-har_grey_mask_knn_11,74.5139,68.0556,61.3333,67.9676,2021-07-08 11:13:31.193097
geo_red_mask-har_red_mask_knn_3,92.9167,65.2778,50.0,69.3982,2021-07-08 11:13:31.379989
geo_red_mask-har_red_mask_knn_5,79.375,66.9444,58.6667,68.3287,2021-07-08 11:13:31.576657
geo_red_mask-har_red_mask_knn_7,74.2361,63.6111,56.6667,64.838,2021-07-08 11:13:31.772267
geo_red_mask-har_red_mask_knn_11,70.9722,65.0,54.0,63.3241,2021-07-08 11:13:32.176815
geo_red_mask-har_green_mask_knn_3,93.1944,66.9444,57.3333,72.4907,2021-07-08 11:13:32.382876
geo_red_mask-har_green_mask_knn_5,79.5833,70.2778,58.0,69.287,2021-07-08 11:13:32.562129
geo_red_mask-har_green_mask_knn_7,76.4583,70.0,60.6667,69.0417,2021-07-08 11:13:32.751566
geo_red_mask-har_green_mask_knn_9,74.0278,66.3889,64.6667,68.3611,2021-07-08 11:13:32.943574
geo_red_mask-har_green_mask_knn_11,72.8472,72.5,64.6667,70.0046,2021-07-08 11:13:33.142682
geo_red_mask-har_blue_mask_knn_3,94.5833,71.1111,58.0,74.5648,2021-07-08 11:13:33.355600
geo_red_mask-har_blue_mask_knn_5,80.2083,70.2778,60.6667,70.3843,2021-07-08 11:13:33.542088
geo_red_mask-har_blue_mask_knn_7,77.7083,72.5,63.3333,71.1805,2021-07-08 11:13:33.728179
geo_red_mask-har_blue_mask_knn_9,78.2639,71.3889,62.6667,70.7732,2021-07-08 11:13:33.917949
geo_red_mask-har_blue_mask_knn_11,76.4583,70.2778,62.0,69.5787,2021-07-08 11:13:34.109107
geo_green_mask-geo_blue_mask_knn_3,88.8889,60.0,49.3333,66.0741,2021-07-08 11:13:34.308027
geo_green_mask-geo_blue_mask_knn_5,70.4861,59.4444,52.0,60.6435,2021-07-08 11:13:34.493290
geo_green_mask-geo_blue_mask_knn_7,69.0278,57.7778,45.3333,57.3796,2021-07-08 11:13:34.683236
geo_green_mask-geo_blue_mask_knn_9,63.5417,56.9444,54.6667,58.3843,2021-07-08 11:13:34.882670
geo_green_mask-geo_blue_mask_knn_11,65.2083,53.3333,48.0,55.5139,2021-07-08 11:13:35.072059
geo_green_mask-gab_grey_mask_knn_3,86.1111,63.6111,52.6667,67.463,2021-07-08 11:13:35.318486
geo_green_mask-gab_grey_mask_knn_5,75.1389,67.2222,48.0,63.4537,2021-07-08 11:13:35.577291
geo_green_mask-gab_grey_mask_knn_7,74.6528,67.2222,51.3333,64.4028,2021-07-08 11:13:35.840021
geo_green_mask-gab_grey_mask_knn_9,72.8472,64.7222,53.3333,63.6342,2021-07-08 11:13:36.099280
geo_green_mask-gab_grey_mask_knn_11,70.8333,61.1111,54.0,61.9815,2021-07-08 11:13:36.374104
geo_green_mask-gab_red_mask_knn_3,84.5833,65.5556,54.6667,68.2685,2021-07-08 11:13:36.641882
geo_green_mask-gab_red_mask_knn_5,75.9028,57.7778,44.6667,59.4491,2021-07-08 11:13:36.909340
geo_green_mask-gab_red_mask_knn_7,70.8333,69.7222,47.3333,62.6296,2021-07-08 11:13:37.178788
geo_green_mask-gab_red_mask_knn_9,69.0278,63.8889,50.6667,61.1945,2021-07-08 11:13:37.459050
geo_green_mask-gab_red_mask_knn_11,69.3056,59.1667,47.3333,58.6019,2021-07-08 11:13:37.715119
geo_green_mask-gab_green_mask_knn_3,87.8472,70.0,50.6667,69.5046,2021-07-08 11:13:37.974706
geo_green_mask-gab_green_mask_knn_5,77.7778,70.5556,52.0,66.7778,2021-07-08 11:13:38.242035
geo_green_mask-gab_green_mask_knn_7,75.3472,64.1667,52.6667,64.0602,2021-07-08 11:13:38.512866
geo_green_mask-gab_green_mask_knn_9,72.0139,65.2778,53.3333,63.5417,2021-07-08 11:13:38.779051
geo_green_mask-gab_green_mask_knn_11,71.1806,60.5556,53.3333,61.6898,2021-07-08 11:13:39.039172
geo_green_mask-gab_blue_mask_knn_3,88.8889,70.2778,52.6667,70.6111,2021-07-08 11:13:39.316077
geo_green_mask-gab_blue_mask_knn_5,80.0,67.5,51.3333,66.2778,2021-07-08 11:13:39.587258
geo_green_mask-gab_blue_mask_knn_7,76.875,65.0,56.0,65.9583,2021-07-08 11:13:39.848832
geo_green_mask-gab_blue_mask_knn_9,73.3333,68.8889,55.3333,65.8518,2021-07-08 11:13:40.121402
geo_green_mask-gab_blue_mask_knn_11,73.8194,67.2222,52.6667,64.5694,2021-07-08 11:13:40.397142
geo_green_mask-har_grey_mask_knn_3,94.7917,76.3889,51.3333,74.1713,2021-07-08 11:13:40.593483
geo_green_mask-har_grey_mask_knn_5,82.2917,68.6111,54.0,68.3009,2021-07-08 11:13:40.775570
geo_green_mask-har_grey_mask_knn_7,78.125,69.1667,53.3333,66.875,2021-07-08 11:13:40.973908
geo_green_mask-har_grey_mask_knn_9,75.625,70.8333,55.3333,67.2639,2021-07-08 11:13:41.174409
geo_green_mask-har_grey_mask_knn_11,74.4444,65.8333,56.0,65.4259,2021-07-08 11:13:41.366952
geo_green_mask-har_red_mask_knn_3,93.5417,66.9444,46.0,68.8287,2021-07-08 11:13:41.543355
geo_green_mask-har_red_mask_knn_5,79.1667,72.2222,50.6667,67.3519,2021-07-08 11:13:41.739972
geo_green_mask-har_red_mask_knn_7,74.0972,63.6111,49.3333,62.3472,2021-07-08 11:13:41.950105
geo_green_mask-har_red_mask_knn_9,71.9444,64.4444,54.0,63.4629,2021-07-08 11:13:42.138677
geo_green_mask-har_red_mask_knn_11,71.8056,65.5556,53.3333,63.5648,2021-07-08 11:13:42.328897
geo_green_mask-har_green_mask_knn_3,94.9306,73.0556,56.0,74.6621,2021-07-08 11:13:42.514933
geo_green_mask-har_green_mask_knn_5,81.4583,64.4444,57.3333,67.7453,2021-07-08 11:13:42.711507
geo_green_mask-har_green_mask_knn_7,76.875,65.5556,63.3333,68.588,2021-07-08 11:13:42.890748
geo_green_mask-har_green_mask_knn_9,73.2639,70.0,60.0,67.7546,2021-07-08 11:13:43.105730
geo_green_mask-har_green_mask_knn_11,72.1528,69.1667,61.3333,67.5509,2021-07-08 11:13:43.303739
geo_green_mask-har_blue_mask_knn_3,94.7917,72.2222,57.3333,74.7824,2021-07-08 11:13:43.491577
geo_green_mask-har_blue_mask_knn_5,82.6389,71.3889,57.3333,70.4537,2021-07-08 11:13:43.686379
geo_green_mask-har_blue_mask_knn_7,77.9861,71.1111,60.0,69.6991,2021-07-08 11:13:43.864998
geo_green_mask-har_blue_mask_knn_9,77.0833,69.4444,58.0,68.1759,2021-07-08 11:13:44.060283
geo_green_mask-har_blue_mask_knn_11,76.5278,70.2778,57.3333,68.0463,2021-07-08 11:13:44.267001
geo_blue_mask-gab_grey_mask_knn_3,85.625,68.3333,54.6667,69.5417,2021-07-08 11:13:44.552846
geo_blue_mask-gab_grey_mask_knn_5,77.1528,65.0,53.3333,65.162,2021-07-08 11:13:44.818625
geo_blue_mask-gab_grey_mask_knn_7,73.6111,67.7778,52.6667,64.6852,2021-07-08 11:13:45.107272
geo_blue_mask-gab_grey_mask_knn_9,70.2778,63.3333,56.0,63.2037,2021-07-08 11:13:45.381588
geo_blue_mask-gab_grey_mask_knn_11,70.8333,65.2778,55.3333,63.8148,2021-07-08 11:13:45.657199
geo_blue_mask-gab_red_mask_knn_3,84.7917,65.8333,51.3333,67.3194,2021-07-08 11:13:45.913246
geo_blue_mask-gab_red_mask_knn_5,75.3472,62.7778,50.0,62.7083,2021-07-08 11:13:46.184317
geo_blue_mask-gab_red_mask_knn_7,71.9444,61.9444,47.3333,60.4074,2021-07-08 11:13:46.452632
geo_blue_mask-gab_red_mask_knn_9,70.5556,65.0,53.3333,62.963,2021-07-08 11:13:46.722164
geo_blue_mask-gab_red_mask_knn_11,68.5417,61.6667,52.6667,60.9584,2021-07-08 11:13:46.996127
geo_blue_mask-gab_green_mask_knn_3,86.8056,70.0,52.6667,69.8241,2021-07-08 11:13:47.272993
geo_blue_mask-gab_green_mask_knn_5,78.125,65.8333,51.3333,65.0972,2021-07-08 11:13:47.533863
geo_blue_mask-gab_green_mask_knn_7,74.0278,64.1667,55.3333,64.5093,2021-07-08 11:13:47.803373
geo_blue_mask-gab_green_mask_knn_9,72.2222,67.5,56.0,65.2407,2021-07-08 11:13:48.082488
geo_blue_mask-gab_green_mask_knn_11,70.2083,65.0,56.6667,63.9583,2021-07-08 11:13:48.361297
geo_blue_mask-gab_blue_mask_knn_3,86.875,69.1667,51.3333,69.125,2021-07-08 11:13:48.632408
geo_blue_mask-gab_blue_mask_knn_5,79.8611,63.0556,50.6667,64.5278,2021-07-08 11:13:48.897125
geo_blue_mask-gab_blue_mask_knn_7,76.875,62.2222,54.0,64.3657,2021-07-08 11:13:49.173091
geo_blue_mask-gab_blue_mask_knn_9,74.3056,62.7778,56.0,64.3611,2021-07-08 11:13:49.463802
geo_blue_mask-gab_blue_mask_knn_11,73.8194,62.5,52.0,62.7731,2021-07-08 11:13:49.743934
geo_blue_mask-har_grey_mask_knn_3,94.8611,73.0556,54.0,73.9722,2021-07-08 11:13:49.933153
geo_blue_mask-har_grey_mask_knn_5,80.625,71.6667,58.6667,70.3195,2021-07-08 11:13:50.130926
geo_blue_mask-har_grey_mask_knn_7,78.1944,72.7778,56.6667,69.213,2021-07-08 11:13:50.329304
geo_blue_mask-har_grey_mask_knn_9,76.7361,72.2222,57.3333,68.7639,2021-07-08 11:13:50.529855
geo_blue_mask-har_grey_mask_knn_11,73.6111,68.3333,59.3333,67.0926,2021-07-08 11:13:50.725254
geo_blue_mask-har_red_mask_knn_3,93.1944,65.8333,47.3333,68.787,2021-07-08 11:13:50.910178
geo_blue_mask-har_red_mask_knn_5,78.1944,64.1667,52.0,64.787,2021-07-08 11:13:51.104253
geo_blue_mask-har_red_mask_knn_7,73.8889,62.7778,56.6667,64.4445,2021-07-08 11:13:51.305214
geo_blue_mask-har_red_mask_knn_9,72.6389,66.9444,54.0,64.5278,2021-07-08 11:13:51.495791
geo_blue_mask-har_red_mask_knn_11,69.7917,66.3889,56.0,64.0602,2021-07-08 11:13:51.700095
geo_blue_mask-har_green_mask_knn_3,93.75,73.3333,60.0,75.6944,2021-07-08 11:13:51.889990
geo_blue_mask-har_green_mask_knn_5,81.7361,69.1667,61.3333,70.7454,2021-07-08 11:13:52.086093
geo_blue_mask-har_green_mask_knn_7,77.1528,67.7778,63.3333,69.4213,2021-07-08 11:13:52.278834
geo_blue_mask-har_green_mask_knn_9,76.3194,68.0556,59.3333,67.9028,2021-07-08 11:13:52.476873
geo_blue_mask-har_green_mask_knn_11,72.2222,63.6111,60.6667,65.5,2021-07-08 11:13:52.676211
geo_blue_mask-har_blue_mask_knn_3,95.2778,73.6111,55.3333,74.7407,2021-07-08 11:13:52.873963
geo_blue_mask-har_blue_mask_knn_5,81.1806,71.6667,54.6667,69.1713,2021-07-08 11:13:53.075565
geo_blue_mask-har_blue_mask_knn_7,78.3333,72.7778,58.0,69.7037,2021-07-08 11:13:53.275194
geo_blue_mask-har_blue_mask_knn_9,76.4583,71.6667,58.6667,68.9306,2021-07-08 11:13:53.469858
geo_blue_mask-har_blue_mask_knn_11,74.5139,71.1111,58.0,67.875,2021-07-08 11:13:53.670730
gab_grey_mask-gab_red_mask_knn_3,82.0139,62.5,50.6667,65.0602,2021-07-08 11:13:53.914025
gab_grey_mask-gab_red_mask_knn_5,73.3333,60.8333,48.6667,60.9444,2021-07-08 11:13:54.145591
gab_grey_mask-gab_red_mask_knn_7,67.8472,57.2222,51.3333,58.8009,2021-07-08 11:13:54.412500
gab_grey_mask-gab_red_mask_knn_9,67.0139,56.3889,54.6667,59.3565,2021-07-08 11:13:54.662142
gab_grey_mask-gab_red_mask_knn_11,66.1806,58.3333,54.0,59.5046,2021-07-08 11:13:54.918988
gab_grey_mask-gab_green_mask_knn_3,81.25,55.2778,46.6667,61.0648,2021-07-08 11:13:55.127138
gab_grey_mask-gab_green_mask_knn_5,73.0556,60.0,50.0,61.0185,2021-07-08 11:13:55.336883
gab_grey_mask-gab_green_mask_knn_7,71.5972,56.1111,54.0,60.5694,2021-07-08 11:13:55.551719
gab_grey_mask-gab_green_mask_knn_9,68.4028,61.1111,53.3333,60.9491,2021-07-08 11:13:55.765951
gab_grey_mask-gab_green_mask_knn_11,65.0694,60.8333,54.0,59.9676,2021-07-08 11:13:55.990934
gab_grey_mask-gab_blue_mask_knn_3,84.5833,66.9444,49.3333,66.9537,2021-07-08 11:13:56.225728
gab_grey_mask-gab_blue_mask_knn_5,76.3889,58.3333,49.3333,61.3518,2021-07-08 11:13:56.448023
gab_grey_mask-gab_blue_mask_knn_7,71.9444,62.5,52.0,62.1481,2021-07-08 11:13:56.698835
gab_grey_mask-gab_blue_mask_knn_9,68.3333,58.6111,58.0,61.6481,2021-07-08 11:13:56.932122
gab_grey_mask-gab_blue_mask_knn_11,66.875,63.0556,55.3333,61.7546,2021-07-08 11:13:57.166626
gab_grey_mask-har_grey_mask_knn_3,90.8333,70.5556,50.0,70.463,2021-07-08 11:13:57.394432
gab_grey_mask-har_grey_mask_knn_5,80.4167,71.6667,55.3333,69.1389,2021-07-08 11:13:57.625026
gab_grey_mask-har_grey_mask_knn_7,76.6667,66.3889,56.6667,66.5741,2021-07-08 11:13:57.857203
gab_grey_mask-har_grey_mask_knn_9,76.1111,71.1111,60.6667,69.2963,2021-07-08 11:13:58.093370
gab_grey_mask-har_grey_mask_knn_11,74.7222,65.5556,60.6667,66.9815,2021-07-08 11:13:58.334245
gab_grey_mask-har_red_mask_knn_3,91.6667,67.7778,54.6667,71.3704,2021-07-08 11:13:58.572118
gab_grey_mask-har_red_mask_knn_5,81.8056,66.1111,58.0,68.6389,2021-07-08 11:13:58.815055
gab_grey_mask-har_red_mask_knn_7,77.7778,69.7222,56.6667,68.0556,2021-07-08 11:13:59.055230
gab_grey_mask-har_red_mask_knn_9,73.4722,65.5556,61.3333,66.787,2021-07-08 11:13:59.313097
gab_grey_mask-har_red_mask_knn_11,71.1111,71.6667,64.0,68.9259,2021-07-08 11:13:59.560480
gab_grey_mask-har_green_mask_knn_3,90.8333,72.7778,56.0,73.2037,2021-07-08 11:13:59.790985
gab_grey_mask-har_green_mask_knn_5,81.4583,68.3333,59.3333,69.7083,2021-07-08 11:14:00.017473
gab_grey_mask-har_green_mask_knn_7,77.2917,69.4444,59.3333,68.6898,2021-07-08 11:14:00.248916
gab_grey_mask-har_green_mask_knn_9,74.4444,66.3889,60.0,66.9444,2021-07-08 11:14:00.487634
gab_grey_mask-har_green_mask_knn_11,72.7778,66.6667,58.6667,66.0371,2021-07-08 11:14:00.722597
gab_grey_mask-har_blue_mask_knn_3,92.0139,70.5556,58.6667,73.7454,2021-07-08 11:14:00.948891
gab_grey_mask-har_blue_mask_knn_5,81.8056,69.4444,58.0,69.75,2021-07-08 11:14:01.171612
gab_grey_mask-har_blue_mask_knn_7,79.0972,75.2778,58.0,70.7917,2021-07-08 11:14:01.408151
gab_grey_mask-har_blue_mask_knn_9,75.625,73.6111,56.0,68.412,2021-07-08 11:14:01.645278
gab_grey_mask-har_blue_mask_knn_11,73.6806,69.7222,54.6667,66.0232,2021-07-08 11:14:01.879460
gab_red_mask-gab_green_mask_knn_3,84.5139,58.0556,54.6667,65.7454,2021-07-08 11:14:02.160816
gab_red_mask-gab_green_mask_knn_5,73.6806,61.9444,50.6667,62.0972,2021-07-08 11:14:02.452739
gab_red_mask-gab_green_mask_knn_7,70.5556,58.3333,53.3333,60.7407,2021-07-08 11:14:02.749281
gab_red_mask-gab_green_mask_knn_9,67.2917,60.5556,51.3333,59.7269,2021-07-08 11:14:03.047499
gab_red_mask-gab_green_mask_knn_11,65.9722,58.6111,55.3333,59.9722,2021-07-08 11:14:03.368916
gab_red_mask-gab_blue_mask_knn_3,84.6528,63.6111,51.3333,66.5324,2021-07-08 11:14:03.662261
gab_red_mask-gab_blue_mask_knn_5,76.5278,61.9444,55.3333,64.6018,2021-07-08 11:14:03.956037
gab_red_mask-gab_blue_mask_knn_7,72.3611,62.5,54.0,62.9537,2021-07-08 11:14:04.264136
gab_red_mask-gab_blue_mask_knn_9,70.2083,61.6667,56.0,62.625,2021-07-08 11:14:04.572054
gab_red_mask-gab_blue_mask_knn_11,68.8194,60.2778,54.0,61.0324,2021-07-08 11:14:04.882934
gab_red_mask-har_grey_mask_knn_3,88.8194,70.5556,51.3333,70.2361,2021-07-08 11:14:05.126898
gab_red_mask-har_grey_mask_knn_5,80.2778,67.2222,57.3333,68.2778,2021-07-08 11:14:05.373897
gab_red_mask-har_grey_mask_knn_7,77.3611,69.4444,61.3333,69.3796,2021-07-08 11:14:05.616725
gab_red_mask-har_grey_mask_knn_9,75.0,69.7222,61.3333,68.6852,2021-07-08 11:14:05.852801
gab_red_mask-har_grey_mask_knn_11,72.7778,69.4444,61.3333,67.8518,2021-07-08 11:14:06.097156
gab_red_mask-har_red_mask_knn_3,89.0972,65.2778,58.6667,71.0139,2021-07-08 11:14:06.322012
gab_red_mask-har_red_mask_knn_5,78.8889,67.2222,57.3333,67.8148,2021-07-08 11:14:06.551668
gab_red_mask-har_red_mask_knn_7,74.7917,63.6111,57.3333,65.2454,2021-07-08 11:14:06.781292
gab_red_mask-har_red_mask_knn_9,72.5694,65.2778,58.6667,65.5046,2021-07-08 11:14:07.023634
gab_red_mask-har_red_mask_knn_11,73.4028,66.1111,56.0,65.1713,2021-07-08 11:14:07.268671
gab_red_mask-har_green_mask_knn_3,90.625,68.0556,56.6667,71.7824,2021-07-08 11:14:07.494974
gab_red_mask-har_green_mask_knn_5,78.4028,66.1111,57.3333,67.2824,2021-07-08 11:14:07.720696
gab_red_mask-har_green_mask_knn_7,75.4167,69.1667,58.0,67.5278,2021-07-08 11:14:07.953655
gab_red_mask-har_green_mask_knn_9,72.0139,74.4444,62.0,69.4861,2021-07-08 11:14:08.191502
gab_red_mask-har_green_mask_knn_11,72.3611,67.7778,60.6667,66.9352,2021-07-08 11:14:08.434697
gab_red_mask-har_blue_mask_knn_3,91.6667,70.0,53.3333,71.6667,2021-07-08 11:14:08.666173
gab_red_mask-har_blue_mask_knn_5,80.9028,68.6111,56.6667,68.7269,2021-07-08 11:14:08.897082
gab_red_mask-har_blue_mask_knn_7,78.8889,69.7222,58.6667,69.0926,2021-07-08 11:14:09.130814
gab_red_mask-har_blue_mask_knn_9,75.5556,65.5556,60.6667,67.2593,2021-07-08 11:14:09.376563
gab_red_mask-har_blue_mask_knn_11,76.5972,67.2222,59.3333,67.7176,2021-07-08 11:14:09.618686
gab_green_mask-gab_blue_mask_knn_3,86.0417,62.7778,50.0,66.2732,2021-07-08 11:14:09.827958
gab_green_mask-gab_blue_mask_knn_5,77.0139,58.3333,54.0,63.1157,2021-07-08 11:14:10.038804
gab_green_mask-gab_blue_mask_knn_7,71.5972,63.6111,54.6667,63.2917,2021-07-08 11:14:10.261066
gab_green_mask-gab_blue_mask_knn_9,71.5278,61.3889,53.3333,62.0833,2021-07-08 11:14:10.481566
gab_green_mask-gab_blue_mask_knn_11,68.6806,63.6111,56.0,62.7639,2021-07-08 11:14:10.701418
gab_green_mask-har_grey_mask_knn_3,91.4583,71.9444,53.3333,72.2453,2021-07-08 11:14:10.922441
gab_green_mask-har_grey_mask_knn_5,81.5278,70.5556,56.0,69.3611,2021-07-08 11:14:11.172926
gab_green_mask-har_grey_mask_knn_7,79.2361,69.4444,59.3333,69.3379,2021-07-08 11:14:11.421527
gab_green_mask-har_grey_mask_knn_9,76.6667,67.2222,59.3333,67.7407,2021-07-08 11:14:11.674919
gab_green_mask-har_grey_mask_knn_11,73.5417,70.2778,60.6667,68.1621,2021-07-08 11:14:11.912026
gab_green_mask-har_red_mask_knn_3,92.4306,71.9444,54.0,72.7917,2021-07-08 11:14:12.150818
gab_green_mask-har_red_mask_knn_5,83.3333,72.7778,62.0,72.7037,2021-07-08 11:14:12.399327
gab_green_mask-har_red_mask_knn_7,79.3056,68.3333,60.6667,69.4352,2021-07-08 11:14:12.649825
gab_green_mask-har_red_mask_knn_9,74.6528,62.5,60.6667,65.9398,2021-07-08 11:14:12.896382
gab_green_mask-har_red_mask_knn_11,73.3333,64.4444,62.0,66.5926,2021-07-08 11:14:13.141868
gab_green_mask-har_green_mask_knn_3,90.5556,69.4444,55.3333,71.7778,2021-07-08 11:14:13.362652
gab_green_mask-har_green_mask_knn_5,80.9028,73.6111,56.6667,70.3935,2021-07-08 11:14:13.598109
gab_green_mask-har_green_mask_knn_7,77.2917,73.0556,60.6667,70.338,2021-07-08 11:14:13.825011
gab_green_mask-har_green_mask_knn_9,76.1111,65.8333,62.0,67.9815,2021-07-08 11:14:14.064291
gab_green_mask-har_green_mask_knn_11,74.0278,67.5,62.0,67.8426,2021-07-08 11:14:14.307599
gab_green_mask-har_blue_mask_knn_3,91.5278,76.1111,58.0,75.213,2021-07-08 11:14:14.550564
gab_green_mask-har_blue_mask_knn_5,83.5417,68.3333,62.0,71.2917,2021-07-08 11:14:14.770933
gab_green_mask-har_blue_mask_knn_7,78.125,71.6667,60.6667,70.1528,2021-07-08 11:14:15.002564
gab_green_mask-har_blue_mask_knn_9,75.9028,73.0556,61.3333,70.0972,2021-07-08 11:14:15.234450
gab_green_mask-har_blue_mask_knn_11,74.4444,65.8333,58.0,66.0926,2021-07-08 11:14:15.471185
gab_blue_mask-har_grey_mask_knn_3,91.3889,75.8333,56.0,74.4074,2021-07-08 11:14:15.702878
gab_blue_mask-har_grey_mask_knn_5,81.875,71.1111,56.6667,69.8843,2021-07-08 11:14:15.932595
gab_blue_mask-har_grey_mask_knn_7,79.375,68.0556,58.6667,68.6991,2021-07-08 11:14:16.166207
gab_blue_mask-har_grey_mask_knn_9,75.625,70.8333,60.6667,69.0417,2021-07-08 11:14:16.403414
gab_blue_mask-har_grey_mask_knn_11,74.7917,71.6667,57.3333,67.9306,2021-07-08 11:14:16.651057
gab_blue_mask-har_red_mask_knn_3,91.3889,74.7222,52.6667,72.9259,2021-07-08 11:14:16.898404
gab_blue_mask-har_red_mask_knn_5,82.5,72.2222,55.3333,70.0185,2021-07-08 11:14:17.137159
gab_blue_mask-har_red_mask_knn_7,79.1667,66.9444,60.0,68.7037,2021-07-08 11:14:17.379152
gab_blue_mask-har_red_mask_knn_9,76.8056,68.0556,60.0,68.2871,2021-07-08 11:14:17.639151
gab_blue_mask-har_red_mask_knn_11,72.9861,68.0556,60.0,67.0139,2021-07-08 11:14:17.886657
gab_blue_mask-har_green_mask_knn_3,91.1111,74.4444,56.6667,74.0741,2021-07-08 11:14:18.114016
gab_blue_mask-har_green_mask_knn_5,80.6944,71.9444,56.6667,69.7685,2021-07-08 11:14:18.364580
gab_blue_mask-har_green_mask_knn_7,77.5,72.5,62.0,70.6667,2021-07-08 11:14:18.603642
gab_blue_mask-har_green_mask_knn_9,74.6528,70.5556,64.0,69.7361,2021-07-08 11:14:18.838866
gab_blue_mask-har_green_mask_knn_11,75.6944,69.1667,63.3333,69.3981,2021-07-08 11:14:19.073339
gab_blue_mask-har_blue_mask_knn_3,90.7639,75.0,60.6667,75.4769,2021-07-08 11:14:19.299534
gab_blue_mask-har_blue_mask_knn_5,82.1528,73.3333,60.6667,72.0509,2021-07-08 11:14:19.522923
gab_blue_mask-har_blue_mask_knn_7,79.375,71.6667,64.0,71.6806,2021-07-08 11:14:19.748261
gab_blue_mask-har_blue_mask_knn_9,76.1806,69.4444,65.3333,70.3194,2021-07-08 11:14:19.972115
gab_blue_mask-har_blue_mask_knn_11,74.9306,70.2778,63.3333,69.5139,2021-07-08 11:14:20.226564
har_grey_mask-har_red_mask_knn_3,94.4444,66.3889,57.3333,72.7222,2021-07-08 11:14:20.388382
har_grey_mask-har_red_mask_knn_5,79.8611,68.6111,54.0,67.4907,2021-07-08 11:14:20.556109
har_grey_mask-har_red_mask_knn_7,75.8333,72.7778,55.3333,67.9815,2021-07-08 11:14:20.728356
har_grey_mask-har_red_mask_knn_9,76.0417,69.7222,54.6667,66.8102,2021-07-08 11:14:20.909003
har_grey_mask-har_red_mask_knn_11,72.9167,71.9444,54.6667,66.5093,2021-07-08 11:14:21.087566
har_grey_mask-har_green_mask_knn_3,95.4167,75.2778,58.0,76.2315,2021-07-08 11:14:21.246355
har_grey_mask-har_green_mask_knn_5,80.8333,71.3889,55.3333,69.1852,2021-07-08 11:14:21.409490
har_grey_mask-har_green_mask_knn_7,76.8056,69.1667,52.6667,66.213,2021-07-08 11:14:21.574548
har_grey_mask-har_green_mask_knn_9,75.1389,69.7222,58.6667,67.8426,2021-07-08 11:14:21.760837
har_grey_mask-har_green_mask_knn_11,72.9167,68.3333,61.3333,67.5278,2021-07-08 11:14:21.925647
har_grey_mask-har_blue_mask_knn_3,95.7639,75.0,57.3333,76.0324,2021-07-08 11:14:22.089475
har_grey_mask-har_blue_mask_knn_5,82.0833,70.5556,57.3333,69.9907,2021-07-08 11:14:22.252945
har_grey_mask-har_blue_mask_knn_7,77.9167,66.1111,55.3333,66.4537,2021-07-08 11:14:22.417102
har_grey_mask-har_blue_mask_knn_9,74.7222,65.8333,58.0,66.1852,2021-07-08 11:14:22.584705
har_grey_mask-har_blue_mask_knn_11,74.5139,67.5,56.6667,66.2269,2021-07-08 11:14:22.754723
har_red_mask-har_green_mask_knn_3,94.6528,69.4444,56.0,73.3657,2021-07-08 11:14:22.926703
har_red_mask-har_green_mask_knn_5,79.9306,69.7222,56.6667,68.7732,2021-07-08 11:14:23.106366
har_red_mask-har_green_mask_knn_7,75.9722,71.3889,57.3333,68.2315,2021-07-08 11:14:23.299539
har_red_mask-har_green_mask_knn_9,74.2361,71.6667,56.6667,67.5232,2021-07-08 11:14:23.478202
har_red_mask-har_green_mask_knn_11,73.125,72.2222,57.3333,67.5602,2021-07-08 11:14:23.667494
har_red_mask-har_blue_mask_knn_3,95.2778,72.5,52.6667,73.4815,2021-07-08 11:14:23.871173
har_red_mask-har_blue_mask_knn_5,83.125,73.8889,55.3333,70.7824,2021-07-08 11:14:24.041800
har_red_mask-har_blue_mask_knn_7,79.0972,75.2778,61.3333,71.9028,2021-07-08 11:14:24.215470
har_red_mask-har_blue_mask_knn_9,78.125,70.8333,59.3333,69.4305,2021-07-08 11:14:24.411248
har_red_mask-har_blue_mask_knn_11,74.375,71.1111,58.0,67.8287,2021-07-08 11:14:24.604539
har_green_mask-har_blue_mask_knn_3,94.6528,73.6111,58.0,75.4213,2021-07-08 11:14:24.771687
har_green_mask-har_blue_mask_knn_5,81.7361,69.7222,52.6667,68.0417,2021-07-08 11:14:24.929551
har_green_mask-har_blue_mask_knn_7,77.9861,73.8889,56.6667,69.5139,2021-07-08 11:14:25.089686
har_green_mask-har_blue_mask_knn_9,76.875,71.6667,58.6667,69.0695,2021-07-08 11:14:25.262698
har_green_mask-har_blue_mask_knn_11,74.5833,66.3889,59.3333,66.7685,2021-07-08 11:14:25.430905
