lbp_ir_grey_mask_knn_3,94.5833,70.4762,56.2857,73.7817,2021-07-08 10:48:37.750569
lbp_ir_grey_mask_knn_5,82.9762,74.4048,60.2857,72.5556,2021-07-08 10:48:37.977417
lbp_ir_grey_mask_knn_7,79.7917,72.0238,60.2857,70.7004,2021-07-08 10:48:38.209970
lbp_ir_grey_mask_knn_9,78.125,69.7619,60.2857,69.3909,2021-07-08 10:48:38.475487
lbp_ir_grey_mask_knn_11,76.8155,72.381,61.1429,70.1131,2021-07-08 10:48:38.727504
lbp_ir_red_mask_knn_3,95.6845,74.0476,54.0,74.5774,2021-07-08 10:48:38.953207
lbp_ir_red_mask_knn_5,82.0536,73.9286,53.7143,69.8988,2021-07-08 10:48:39.187675
lbp_ir_red_mask_knn_7,79.1369,70.4762,56.5714,68.7282,2021-07-08 10:48:39.418472
lbp_ir_red_mask_knn_9,75.506,70.4762,56.2857,67.4226,2021-07-08 10:48:39.655757
lbp_ir_red_mask_knn_11,74.1071,67.7381,58.2857,66.7103,2021-07-08 10:48:39.886684
lbp_ir_green_mask_knn_3,95.2976,74.4048,60.2857,76.6627,2021-07-08 10:48:40.125478
lbp_ir_green_mask_knn_5,83.9881,76.3095,62.5714,74.2897,2021-07-08 10:48:40.349130
lbp_ir_green_mask_knn_7,79.1964,72.1429,64.5714,71.9702,2021-07-08 10:48:40.598152
lbp_ir_green_mask_knn_9,76.9048,70.3571,64.8571,70.7063,2021-07-08 10:48:40.838103
lbp_ir_green_mask_knn_11,76.875,70.0,64.2857,70.3869,2021-07-08 10:48:41.079243
lbp_ir_blue_mask_knn_3,95.4167,76.1905,61.1429,77.5834,2021-07-08 10:48:41.311782
lbp_ir_blue_mask_knn_5,84.881,76.5476,62.2857,74.5714,2021-07-08 10:48:41.538745
lbp_ir_blue_mask_knn_7,80.2381,74.4048,62.5714,72.4048,2021-07-08 10:48:41.784842
lbp_ir_blue_mask_knn_9,78.244,72.0238,62.0,70.7559,2021-07-08 10:48:42.024588
lbp_ir_blue_mask_knn_11,76.875,71.4286,61.4286,69.9107,2021-07-08 10:48:42.264660
fourier_grey_mask_knn_3,79.6429,61.0714,59.1429,66.6191,2021-07-08 10:48:44.037297
fourier_grey_mask_knn_5,73.7798,62.619,63.1429,66.5139,2021-07-08 10:48:45.771169
fourier_grey_mask_knn_7,72.4702,63.3333,60.5714,65.4583,2021-07-08 10:48:47.531689
fourier_grey_mask_knn_9,70.0,62.619,61.4286,64.6825,2021-07-08 10:48:49.273085
fourier_grey_mask_knn_11,69.4643,62.619,62.5714,64.8849,2021-07-08 10:48:51.035417
fourier_red_mask_knn_3,78.6607,63.2143,59.4286,67.1012,2021-07-08 10:48:52.783989
fourier_red_mask_knn_5,73.7798,60.3571,58.5714,64.2361,2021-07-08 10:48:54.519043
fourier_red_mask_knn_7,69.9702,59.7619,58.8571,62.8631,2021-07-08 10:48:56.273566
fourier_red_mask_knn_9,69.0774,60.2381,58.5714,62.629,2021-07-08 10:48:58.028556
fourier_red_mask_knn_11,68.3036,61.6667,59.7143,63.2282,2021-07-08 10:48:59.781965
fourier_green_mask_knn_3,79.6429,60.119,62.8571,67.5397,2021-07-08 10:49:01.544268
fourier_green_mask_knn_5,75.3571,61.4286,65.1429,67.3095,2021-07-08 10:49:03.288873
fourier_green_mask_knn_7,72.381,64.4048,61.7143,66.1667,2021-07-08 10:49:05.026621
fourier_green_mask_knn_9,71.2798,62.9762,62.8571,65.7044,2021-07-08 10:49:06.785816
fourier_green_mask_knn_11,70.625,64.1667,62.0,65.5972,2021-07-08 10:49:08.555112
fourier_blue_mask_knn_3,80.5357,62.7381,62.2857,68.5198,2021-07-08 10:49:10.279437
fourier_blue_mask_knn_5,74.3452,64.7619,60.5714,66.5595,2021-07-08 10:49:12.004583
fourier_blue_mask_knn_7,72.2619,62.5,62.2857,65.6825,2021-07-08 10:49:13.748963
fourier_blue_mask_knn_9,70.5952,62.9762,64.2857,65.9524,2021-07-08 10:49:15.517635
fourier_blue_mask_knn_11,70.119,62.5,62.0,64.873,2021-07-08 10:49:17.284796
geo_grey_mask_knn_3,85.1488,70.119,60.5714,71.9464,2021-07-08 10:49:17.610313
geo_grey_mask_knn_5,76.1905,70.7143,60.5714,69.1587,2021-07-08 10:49:17.942138
geo_grey_mask_knn_7,74.9107,69.7619,62.5714,69.0813,2021-07-08 10:49:18.277880
geo_grey_mask_knn_9,74.494,69.6429,64.0,69.379,2021-07-08 10:49:18.615291
geo_grey_mask_knn_11,72.5595,67.8571,64.0,68.1389,2021-07-08 10:49:18.957928
geo_red_mask_knn_3,57.1429,49.881,64.0,57.008,2021-07-08 10:49:19.406786
geo_red_mask_knn_5,68.631,67.5,63.7143,66.6151,2021-07-08 10:49:19.767757
geo_red_mask_knn_7,67.2321,62.9762,63.1429,64.4504,2021-07-08 10:49:20.131687
geo_red_mask_knn_9,66.131,62.381,40.5714,56.3611,2021-07-08 10:49:20.503269
geo_red_mask_knn_11,65.4464,62.619,63.7143,63.9266,2021-07-08 10:49:20.869202
geo_green_mask_knn_3,89.0179,70.2381,58.8571,72.7044,2021-07-08 10:49:21.169592
geo_green_mask_knn_5,78.0952,69.881,59.1429,69.0397,2021-07-08 10:49:21.496672
geo_green_mask_knn_7,68.4226,58.3333,58.5714,61.7758,2021-07-08 10:49:21.794778
geo_green_mask_knn_9,73.0952,67.2619,62.5714,67.6428,2021-07-08 10:49:22.116239
geo_green_mask_knn_11,72.1726,69.0476,62.2857,67.8353,2021-07-08 10:49:22.463394
geo_blue_mask_knn_3,91.1012,71.6667,64.0,75.5893,2021-07-08 10:49:22.781661
geo_blue_mask_knn_5,80.7738,72.7381,65.4286,72.9802,2021-07-08 10:49:23.100183
geo_blue_mask_knn_7,77.9762,69.1667,65.4286,70.8572,2021-07-08 10:49:23.446741
geo_blue_mask_knn_9,75.2083,69.7619,65.7143,70.2282,2021-07-08 10:49:23.774941
geo_blue_mask_knn_11,74.2857,69.1667,65.1429,69.5318,2021-07-08 10:49:24.130507
gab_grey_mask_knn_3,86.131,70.3571,60.0,72.1627,2021-07-08 10:49:24.643783
gab_grey_mask_knn_5,80.3571,68.4524,60.5714,69.7936,2021-07-08 10:49:25.164417
gab_grey_mask_knn_7,76.5179,67.9762,58.8571,67.7837,2021-07-08 10:49:25.710247
gab_grey_mask_knn_9,75.0,64.881,61.7143,67.1984,2021-07-08 10:49:26.264282
gab_grey_mask_knn_11,73.6607,66.4286,62.0,67.3631,2021-07-08 10:49:26.828819
gab_red_mask_knn_3,85.5952,69.1667,58.5714,71.1111,2021-07-08 10:49:27.363178
gab_red_mask_knn_5,79.1964,68.3333,59.7143,69.0813,2021-07-08 10:49:27.904510
gab_red_mask_knn_7,75.3869,65.9524,56.5714,65.9702,2021-07-08 10:49:28.446392
gab_red_mask_knn_9,73.244,67.381,58.0,66.2083,2021-07-08 10:49:29.002812
gab_red_mask_knn_11,73.0952,64.881,56.8571,64.9444,2021-07-08 10:49:29.545900
gab_green_mask_knn_3,87.2917,72.1429,56.8571,72.0972,2021-07-08 10:49:30.051327
gab_green_mask_knn_5,80.3571,70.9524,60.2857,70.5317,2021-07-08 10:49:30.568318
gab_green_mask_knn_7,77.6488,67.2619,61.4286,68.7798,2021-07-08 10:49:31.092635
gab_green_mask_knn_9,74.8512,68.3333,61.4286,68.2044,2021-07-08 10:49:31.650819
gab_green_mask_knn_11,73.1548,68.2143,63.4286,68.2659,2021-07-08 10:49:32.176777
gab_blue_mask_knn_3,87.2024,72.2619,63.1429,74.2024,2021-07-08 10:49:32.700984
gab_blue_mask_knn_5,79.0179,68.6905,62.0,69.9028,2021-07-08 10:49:33.219433
gab_blue_mask_knn_7,76.6369,68.9286,62.5714,69.379,2021-07-08 10:49:33.764568
gab_blue_mask_knn_9,74.6429,64.0476,63.7143,67.4683,2021-07-08 10:49:34.325760
gab_blue_mask_knn_11,73.0655,68.0952,63.4286,68.1964,2021-07-08 10:49:34.882865
har_grey_mask_knn_3,95.0298,73.4524,56.0,74.8274,2021-07-08 10:49:35.134280
har_grey_mask_knn_5,82.8571,77.0238,56.5714,72.1508,2021-07-08 10:49:35.401463
har_grey_mask_knn_7,80.1786,74.2857,58.5714,71.0119,2021-07-08 10:49:35.661211
har_grey_mask_knn_9,78.631,74.2857,60.5714,71.1627,2021-07-08 10:49:35.921306
har_grey_mask_knn_11,77.9464,73.2143,61.1429,70.7679,2021-07-08 10:49:36.205898
har_red_mask_knn_3,95.119,72.5,57.7143,75.1111,2021-07-08 10:49:36.482563
har_red_mask_knn_5,84.7321,78.5714,55.4286,72.9107,2021-07-08 10:49:36.734114
har_red_mask_knn_7,82.7083,74.5238,53.4286,70.2202,2021-07-08 10:49:36.999650
har_red_mask_knn_9,80.5655,73.0952,56.2857,69.9821,2021-07-08 10:49:37.299022
har_red_mask_knn_11,77.4405,74.4048,56.0,69.2818,2021-07-08 10:49:37.586455
har_green_mask_knn_3,95.6548,76.1905,58.0,76.6151,2021-07-08 10:49:37.846375
har_green_mask_knn_5,84.8214,79.0476,62.5714,75.4801,2021-07-08 10:49:38.097083
har_green_mask_knn_7,81.7262,75.8333,60.8571,72.8055,2021-07-08 10:49:38.349170
har_green_mask_knn_9,80.506,75.0,63.7143,73.0734,2021-07-08 10:49:38.613657
har_green_mask_knn_11,78.6905,72.619,62.5714,71.2936,2021-07-08 10:49:38.879132
har_blue_mask_knn_3,95.5952,76.5476,59.7143,77.2857,2021-07-08 10:49:39.123005
har_blue_mask_knn_5,84.4643,78.9286,64.5714,75.9881,2021-07-08 10:49:39.377287
har_blue_mask_knn_7,81.369,75.7143,60.5714,72.5516,2021-07-08 10:49:39.631028
har_blue_mask_knn_9,79.3452,72.7381,60.5714,70.8849,2021-07-08 10:49:39.893044
har_blue_mask_knn_11,77.2619,71.3095,59.4286,69.3333,2021-07-08 10:49:40.160604
lbp_ir_grey_mask-lbp_ir_red_mask_knn_3,95.4464,73.5714,60.5714,76.5297,2021-07-08 10:49:40.429094
lbp_ir_grey_mask-lbp_ir_red_mask_knn_5,83.3929,75.5952,59.7143,72.9008,2021-07-08 10:49:40.708671
lbp_ir_grey_mask-lbp_ir_red_mask_knn_7,80.119,72.0238,61.1429,71.0952,2021-07-08 10:49:40.975766
lbp_ir_grey_mask-lbp_ir_red_mask_knn_9,77.6786,68.2143,60.8571,68.9167,2021-07-08 10:49:41.235788
lbp_ir_grey_mask-lbp_ir_red_mask_knn_11,75.744,69.6429,63.4286,69.6052,2021-07-08 10:49:41.526060
lbp_ir_grey_mask-lbp_ir_green_mask_knn_3,94.881,72.1429,52.0,73.008,2021-07-08 10:49:41.750686
lbp_ir_grey_mask-lbp_ir_green_mask_knn_5,82.2321,75.5952,60.2857,72.7043,2021-07-08 10:49:41.977796
lbp_ir_grey_mask-lbp_ir_green_mask_knn_7,79.5536,73.0952,60.2857,70.9782,2021-07-08 10:49:42.212766
lbp_ir_grey_mask-lbp_ir_green_mask_knn_9,77.7976,70.119,60.2857,69.4008,2021-07-08 10:49:42.447974
lbp_ir_grey_mask-lbp_ir_green_mask_knn_11,76.0417,69.7619,61.7143,69.1726,2021-07-08 10:49:42.694057
lbp_ir_grey_mask-lbp_ir_blue_mask_knn_3,95.5952,75.0,58.2857,76.2936,2021-07-08 10:49:42.938736
lbp_ir_grey_mask-lbp_ir_blue_mask_knn_5,84.6429,77.5,59.1429,73.7619,2021-07-08 10:49:43.174251
lbp_ir_grey_mask-lbp_ir_blue_mask_knn_7,81.3095,72.1429,59.1429,70.8651,2021-07-08 10:49:43.418176
lbp_ir_grey_mask-lbp_ir_blue_mask_knn_9,79.0774,75.8333,62.8571,72.5893,2021-07-08 10:49:43.668866
lbp_ir_grey_mask-lbp_ir_blue_mask_knn_11,77.2917,69.5238,62.8571,69.8909,2021-07-08 10:49:43.919953
lbp_ir_grey_mask-fourier_grey_mask_knn_3,81.5774,62.2619,64.5714,69.4702,2021-07-08 10:49:45.926127
lbp_ir_grey_mask-fourier_grey_mask_knn_5,75.4464,62.2619,63.1429,66.9504,2021-07-08 10:49:47.935666
lbp_ir_grey_mask-fourier_grey_mask_knn_7,72.9167,63.8095,63.4286,66.7183,2021-07-08 10:49:49.936567
lbp_ir_grey_mask-fourier_grey_mask_knn_9,70.9524,65.5952,65.1429,67.2302,2021-07-08 10:49:52.020710
lbp_ir_grey_mask-fourier_grey_mask_knn_11,69.256,65.4762,63.4286,66.0536,2021-07-08 10:49:54.026647
lbp_ir_grey_mask-fourier_red_mask_knn_3,80.2976,62.619,56.8571,66.5912,2021-07-08 10:49:56.023509
lbp_ir_grey_mask-fourier_red_mask_knn_5,75.2679,64.4048,58.2857,65.9861,2021-07-08 10:49:58.023337
lbp_ir_grey_mask-fourier_red_mask_knn_7,71.9643,62.0238,57.7143,63.9008,2021-07-08 10:50:00.006885
lbp_ir_grey_mask-fourier_red_mask_knn_9,70.7143,61.9048,57.7143,63.4445,2021-07-08 10:50:02.021163
lbp_ir_grey_mask-fourier_red_mask_knn_11,69.4345,61.9048,59.1429,63.4941,2021-07-08 10:50:04.039903
lbp_ir_grey_mask-fourier_green_mask_knn_3,81.3095,64.6429,64.8571,70.2698,2021-07-08 10:50:06.039427
lbp_ir_grey_mask-fourier_green_mask_knn_5,74.6131,67.381,65.7143,69.2361,2021-07-08 10:50:08.041816
lbp_ir_grey_mask-fourier_green_mask_knn_7,73.0655,64.6429,67.1429,68.2838,2021-07-08 10:50:10.080558
lbp_ir_grey_mask-fourier_green_mask_knn_9,71.1012,67.619,66.2857,68.3353,2021-07-08 10:50:12.078069
lbp_ir_grey_mask-fourier_green_mask_knn_11,70.8929,65.9524,65.7143,67.5199,2021-07-08 10:50:14.087653
lbp_ir_grey_mask-fourier_blue_mask_knn_3,80.506,65.4762,61.7143,69.2322,2021-07-08 10:50:16.090504
lbp_ir_grey_mask-fourier_blue_mask_knn_5,75.2976,62.9762,62.2857,66.8532,2021-07-08 10:50:18.089031
lbp_ir_grey_mask-fourier_blue_mask_knn_7,72.7976,63.5714,66.5714,67.6468,2021-07-08 10:50:20.103719
lbp_ir_grey_mask-fourier_blue_mask_knn_9,71.994,64.2857,64.5714,66.9504,2021-07-08 10:50:22.134906
lbp_ir_grey_mask-fourier_blue_mask_knn_11,69.9405,64.1667,65.7143,66.6072,2021-07-08 10:50:24.249962
lbp_ir_grey_mask-geo_grey_mask_knn_3,94.6429,72.8571,62.0,76.5,2021-07-08 10:50:24.634064
lbp_ir_grey_mask-geo_grey_mask_knn_5,83.631,75.0,60.8571,73.1627,2021-07-08 10:50:25.019924
lbp_ir_grey_mask-geo_grey_mask_knn_7,81.5774,69.6429,62.5714,71.2639,2021-07-08 10:50:25.416955
lbp_ir_grey_mask-geo_grey_mask_knn_9,77.6488,69.5238,64.5714,70.5813,2021-07-08 10:50:25.833700
lbp_ir_grey_mask-geo_grey_mask_knn_11,77.7083,69.881,66.2857,71.2917,2021-07-08 10:50:26.271577
lbp_ir_grey_mask-geo_red_mask_knn_3,94.1369,72.1429,59.4286,75.2361,2021-07-08 10:50:26.666637
lbp_ir_grey_mask-geo_red_mask_knn_5,84.6429,73.8095,61.1429,73.1984,2021-07-08 10:50:27.070195
lbp_ir_grey_mask-geo_red_mask_knn_7,79.9702,69.881,65.1429,71.6647,2021-07-08 10:50:27.475897
lbp_ir_grey_mask-geo_red_mask_knn_9,77.1726,69.881,64.2857,70.4464,2021-07-08 10:50:27.890476
lbp_ir_grey_mask-geo_red_mask_knn_11,75.119,72.0238,65.7143,70.9524,2021-07-08 10:50:28.320594
lbp_ir_grey_mask-geo_green_mask_knn_3,94.6131,71.1905,62.8571,76.2202,2021-07-08 10:50:28.676077
lbp_ir_grey_mask-geo_green_mask_knn_5,81.7857,73.3333,59.7143,71.6111,2021-07-08 10:50:29.071528
lbp_ir_grey_mask-geo_green_mask_knn_7,78.8095,69.2857,62.5714,70.2222,2021-07-08 10:50:29.463976
lbp_ir_grey_mask-geo_green_mask_knn_9,76.9048,69.4048,63.1429,69.8175,2021-07-08 10:50:29.880060
lbp_ir_grey_mask-geo_green_mask_knn_11,75.4464,70.7143,63.1429,69.7679,2021-07-08 10:50:30.309214
lbp_ir_grey_mask-geo_blue_mask_knn_3,94.4048,73.5714,62.2857,76.754,2021-07-08 10:50:30.671828
lbp_ir_grey_mask-geo_blue_mask_knn_5,81.6369,74.1667,63.4286,73.0774,2021-07-08 10:50:31.060170
lbp_ir_grey_mask-geo_blue_mask_knn_7,78.75,71.5476,67.1429,72.4802,2021-07-08 10:50:31.471548
lbp_ir_grey_mask-geo_blue_mask_knn_9,77.0833,72.1429,67.1429,72.123,2021-07-08 10:50:31.870205
lbp_ir_grey_mask-geo_blue_mask_knn_11,75.1488,69.2857,66.2857,70.2401,2021-07-08 10:50:32.264231
lbp_ir_grey_mask-gab_grey_mask_knn_3,89.375,73.2143,65.4286,76.006,2021-07-08 10:50:32.855391
lbp_ir_grey_mask-gab_grey_mask_knn_5,83.0655,71.5476,64.5714,73.0615,2021-07-08 10:50:33.483498
lbp_ir_grey_mask-gab_grey_mask_knn_7,78.6607,75.0,66.2857,73.3155,2021-07-08 10:50:34.108642
lbp_ir_grey_mask-gab_grey_mask_knn_9,78.4226,70.0,65.1429,71.1885,2021-07-08 10:50:34.764288
lbp_ir_grey_mask-gab_grey_mask_knn_11,76.3095,70.8333,66.0,71.0476,2021-07-08 10:50:35.428806
lbp_ir_grey_mask-gab_red_mask_knn_3,89.6131,72.8571,62.2857,74.9186,2021-07-08 10:50:36.017957
lbp_ir_grey_mask-gab_red_mask_knn_5,81.2202,70.2381,57.4286,69.629,2021-07-08 10:50:36.658451
lbp_ir_grey_mask-gab_red_mask_knn_7,77.6488,69.4048,58.8571,68.6369,2021-07-08 10:50:37.303537
lbp_ir_grey_mask-gab_red_mask_knn_9,75.3274,70.2381,58.2857,67.9504,2021-07-08 10:50:38.005251
lbp_ir_grey_mask-gab_red_mask_knn_11,74.256,68.8095,60.0,67.6885,2021-07-08 10:50:38.669181
lbp_ir_grey_mask-gab_green_mask_knn_3,91.1012,75.3571,64.0,76.8194,2021-07-08 10:50:39.255586
lbp_ir_grey_mask-gab_green_mask_knn_5,82.4107,73.2143,63.7143,73.1131,2021-07-08 10:50:39.911029
lbp_ir_grey_mask-gab_green_mask_knn_7,79.6726,72.0238,64.2857,71.994,2021-07-08 10:50:40.543819
lbp_ir_grey_mask-gab_green_mask_knn_9,77.7976,70.9524,66.2857,71.6786,2021-07-08 10:50:41.188573
lbp_ir_grey_mask-gab_green_mask_knn_11,76.6369,69.7619,66.0,70.7996,2021-07-08 10:50:41.853525
lbp_ir_grey_mask-gab_blue_mask_knn_3,90.1786,72.2619,65.4286,75.9564,2021-07-08 10:50:42.456628
lbp_ir_grey_mask-gab_blue_mask_knn_5,82.5,71.6667,66.2857,73.4841,2021-07-08 10:50:43.093803
lbp_ir_grey_mask-gab_blue_mask_knn_7,80.119,71.9048,70.0,74.0079,2021-07-08 10:50:43.733784
lbp_ir_grey_mask-gab_blue_mask_knn_9,76.9643,71.9048,68.8571,72.5754,2021-07-08 10:50:44.382931
lbp_ir_grey_mask-gab_blue_mask_knn_11,75.8036,71.3095,68.8571,71.9901,2021-07-08 10:50:45.049218
lbp_ir_grey_mask-har_grey_mask_knn_3,95.119,76.0714,66.2857,79.1587,2021-07-08 10:50:45.354888
lbp_ir_grey_mask-har_grey_mask_knn_5,84.9405,79.4048,64.2857,76.2103,2021-07-08 10:50:45.658623
lbp_ir_grey_mask-har_grey_mask_knn_7,82.6488,74.2857,63.4286,73.4544,2021-07-08 10:50:45.969323
lbp_ir_grey_mask-har_grey_mask_knn_9,80.8333,74.6429,67.4286,74.3016,2021-07-08 10:50:46.308194
lbp_ir_grey_mask-har_grey_mask_knn_11,78.9583,73.8095,68.2857,73.6845,2021-07-08 10:50:46.658890
lbp_ir_grey_mask-har_red_mask_knn_3,95.3274,77.5,62.2857,78.371,2021-07-08 10:50:46.958112
lbp_ir_grey_mask-har_red_mask_knn_5,85.3274,81.1905,62.0,76.1726,2021-07-08 10:50:47.274025
lbp_ir_grey_mask-har_red_mask_knn_7,82.381,76.9048,62.5714,73.9524,2021-07-08 10:50:47.615670
lbp_ir_grey_mask-har_red_mask_knn_9,81.9643,77.619,65.7143,75.0992,2021-07-08 10:50:47.953898
lbp_ir_grey_mask-har_red_mask_knn_11,80.119,73.0952,64.8571,72.6904,2021-07-08 10:50:48.290631
lbp_ir_grey_mask-har_green_mask_knn_3,94.7619,72.8571,65.1429,77.5873,2021-07-08 10:50:48.585944
lbp_ir_grey_mask-har_green_mask_knn_5,84.1964,76.5476,68.2857,76.3432,2021-07-08 10:50:48.882168
lbp_ir_grey_mask-har_green_mask_knn_7,82.2321,75.2381,67.4286,74.9663,2021-07-08 10:50:49.189676
lbp_ir_grey_mask-har_green_mask_knn_9,80.7143,81.3095,68.2857,76.7698,2021-07-08 10:50:49.516233
lbp_ir_grey_mask-har_green_mask_knn_11,80.625,76.4286,69.1429,75.3988,2021-07-08 10:50:49.842986
lbp_ir_grey_mask-har_blue_mask_knn_3,95.4167,73.8095,68.8571,79.3611,2021-07-08 10:50:50.135143
lbp_ir_grey_mask-har_blue_mask_knn_5,84.4048,78.9286,65.1429,76.1588,2021-07-08 10:50:50.433072
lbp_ir_grey_mask-har_blue_mask_knn_7,83.006,74.5238,63.7143,73.748,2021-07-08 10:50:50.757639
lbp_ir_grey_mask-har_blue_mask_knn_9,81.1012,76.1905,65.1429,74.1449,2021-07-08 10:50:51.079145
lbp_ir_grey_mask-har_blue_mask_knn_11,79.5833,73.0952,65.1429,72.6071,2021-07-08 10:50:51.426647
lbp_ir_red_mask-lbp_ir_green_mask_knn_3,95.8631,76.0714,60.2857,77.4067,2021-07-08 10:50:51.710641
lbp_ir_red_mask-lbp_ir_green_mask_knn_5,84.7321,77.1429,61.4286,74.4345,2021-07-08 10:50:51.964786
lbp_ir_red_mask-lbp_ir_green_mask_knn_7,81.6964,73.5714,62.8571,72.7083,2021-07-08 10:50:52.234861
lbp_ir_red_mask-lbp_ir_green_mask_knn_9,78.5119,73.8095,61.7143,71.3452,2021-07-08 10:50:52.499847
lbp_ir_red_mask-lbp_ir_green_mask_knn_11,77.0536,70.119,63.4286,70.2004,2021-07-08 10:50:52.777207
lbp_ir_red_mask-lbp_ir_blue_mask_knn_3,95.119,74.2857,57.7143,75.7063,2021-07-08 10:50:53.036828
lbp_ir_red_mask-lbp_ir_blue_mask_knn_5,84.4048,75.0,62.8571,74.0873,2021-07-08 10:50:53.291795
lbp_ir_red_mask-lbp_ir_blue_mask_knn_7,81.3095,71.9048,64.0,72.4048,2021-07-08 10:50:53.558648
lbp_ir_red_mask-lbp_ir_blue_mask_knn_9,79.4048,72.2619,59.7143,70.4603,2021-07-08 10:50:53.831232
lbp_ir_red_mask-lbp_ir_blue_mask_knn_11,76.6667,71.4286,62.8571,70.3175,2021-07-08 10:50:54.104308
lbp_ir_red_mask-fourier_grey_mask_knn_3,81.1012,65.2381,64.5714,70.3036,2021-07-08 10:50:56.082362
lbp_ir_red_mask-fourier_grey_mask_knn_5,75.4762,59.881,62.5714,65.9762,2021-07-08 10:50:58.057567
lbp_ir_red_mask-fourier_grey_mask_knn_7,73.125,61.9048,62.5714,65.8671,2021-07-08 10:51:00.023109
lbp_ir_red_mask-fourier_grey_mask_knn_9,71.2798,65.9524,62.0,66.4107,2021-07-08 10:51:02.003078
lbp_ir_red_mask-fourier_grey_mask_knn_11,70.7143,63.0952,64.2857,66.0317,2021-07-08 10:51:04.019172
lbp_ir_red_mask-fourier_red_mask_knn_3,80.4167,63.3333,57.7143,67.1548,2021-07-08 10:51:05.988060
lbp_ir_red_mask-fourier_red_mask_knn_5,74.375,60.5952,59.1429,64.7044,2021-07-08 10:51:07.972732
lbp_ir_red_mask-fourier_red_mask_knn_7,71.7857,63.2143,56.5714,63.8571,2021-07-08 10:51:09.982559
lbp_ir_red_mask-fourier_red_mask_knn_9,69.5536,64.5238,57.7143,63.9306,2021-07-08 10:51:11.980159
lbp_ir_red_mask-fourier_red_mask_knn_11,68.7202,61.6667,58.8571,63.0813,2021-07-08 10:51:14.001276
lbp_ir_red_mask-fourier_green_mask_knn_3,81.1607,62.619,62.5714,68.7837,2021-07-08 10:51:15.959032
lbp_ir_red_mask-fourier_green_mask_knn_5,74.6429,64.4048,64.8571,67.9683,2021-07-08 10:51:17.943586
lbp_ir_red_mask-fourier_green_mask_knn_7,73.3929,63.8095,65.4286,67.5437,2021-07-08 10:51:19.914025
lbp_ir_red_mask-fourier_green_mask_knn_9,72.6786,65.119,62.2857,66.6944,2021-07-08 10:51:21.903201
lbp_ir_red_mask-fourier_green_mask_knn_11,70.9226,65.7143,64.2857,66.9742,2021-07-08 10:51:23.878391
lbp_ir_red_mask-fourier_blue_mask_knn_3,80.7738,62.381,61.7143,68.2897,2021-07-08 10:51:25.835446
lbp_ir_red_mask-fourier_blue_mask_knn_5,76.0417,63.9286,62.8571,67.6091,2021-07-08 10:51:27.785214
lbp_ir_red_mask-fourier_blue_mask_knn_7,72.9762,62.0238,62.5714,65.8571,2021-07-08 10:51:29.785893
lbp_ir_red_mask-fourier_blue_mask_knn_9,70.9226,63.8095,64.8571,66.5297,2021-07-08 10:51:31.806428
lbp_ir_red_mask-fourier_blue_mask_knn_11,70.9821,60.119,66.5714,65.8908,2021-07-08 10:51:33.806672
lbp_ir_red_mask-geo_grey_mask_knn_3,94.6429,75.5952,54.8571,75.0317,2021-07-08 10:51:34.183448
lbp_ir_red_mask-geo_grey_mask_knn_5,84.4048,74.6429,58.2857,72.4445,2021-07-08 10:51:34.566509
lbp_ir_red_mask-geo_grey_mask_knn_7,79.7619,73.0952,59.4286,70.7619,2021-07-08 10:51:34.959092
lbp_ir_red_mask-geo_grey_mask_knn_9,77.7976,70.0,60.2857,69.3611,2021-07-08 10:51:35.373746
lbp_ir_red_mask-geo_grey_mask_knn_11,75.6548,68.4524,62.0,68.7024,2021-07-08 10:51:35.782186
lbp_ir_red_mask-geo_red_mask_knn_3,94.7619,75.119,54.5714,74.8174,2021-07-08 10:51:36.167010
lbp_ir_red_mask-geo_red_mask_knn_5,82.6786,70.7143,54.8571,69.4167,2021-07-08 10:51:36.577077
lbp_ir_red_mask-geo_red_mask_knn_7,79.4048,67.9762,59.1429,68.8413,2021-07-08 10:51:36.970237
lbp_ir_red_mask-geo_red_mask_knn_9,75.625,71.0714,59.4286,68.7083,2021-07-08 10:51:37.388368
lbp_ir_red_mask-geo_red_mask_knn_11,74.0774,70.0,60.5714,68.2163,2021-07-08 10:51:37.801580
lbp_ir_red_mask-geo_green_mask_knn_3,93.869,73.3333,56.2857,74.496,2021-07-08 10:51:38.181224
lbp_ir_red_mask-geo_green_mask_knn_5,81.5774,73.0952,56.2857,70.3194,2021-07-08 10:51:38.534294
lbp_ir_red_mask-geo_green_mask_knn_7,78.3333,70.7143,58.5714,69.2063,2021-07-08 10:51:38.935966
lbp_ir_red_mask-geo_green_mask_knn_9,75.9524,71.9048,59.4286,69.0953,2021-07-08 10:51:39.368692
lbp_ir_red_mask-geo_green_mask_knn_11,74.6726,65.3571,60.0,66.6766,2021-07-08 10:51:39.781894
lbp_ir_red_mask-geo_blue_mask_knn_3,94.4643,73.6905,57.4286,75.1945,2021-07-08 10:51:40.146264
lbp_ir_red_mask-geo_blue_mask_knn_5,82.2321,76.1905,60.5714,72.998,2021-07-08 10:51:40.526273
lbp_ir_red_mask-geo_blue_mask_knn_7,79.6429,70.5952,64.0,71.4127,2021-07-08 10:51:40.917308
lbp_ir_red_mask-geo_blue_mask_knn_9,76.6667,70.2381,63.1429,70.0159,2021-07-08 10:51:41.311788
lbp_ir_red_mask-geo_blue_mask_knn_11,74.4643,69.6429,64.5714,69.5595,2021-07-08 10:51:41.702471
lbp_ir_red_mask-gab_grey_mask_knn_3,89.1964,72.7381,63.4286,75.121,2021-07-08 10:51:42.270670
lbp_ir_red_mask-gab_grey_mask_knn_5,83.3929,71.0714,61.1429,71.8691,2021-07-08 10:51:42.873142
lbp_ir_red_mask-gab_grey_mask_knn_7,79.5238,72.0238,61.7143,71.0873,2021-07-08 10:51:43.537119
lbp_ir_red_mask-gab_grey_mask_knn_9,77.5298,68.9286,65.1429,70.5338,2021-07-08 10:51:44.169837
lbp_ir_red_mask-gab_grey_mask_knn_11,76.25,68.4524,63.4286,69.377,2021-07-08 10:51:44.819225
lbp_ir_red_mask-gab_red_mask_knn_3,87.7679,69.4048,57.7143,71.629,2021-07-08 10:51:45.396332
lbp_ir_red_mask-gab_red_mask_knn_5,81.4881,70.9524,54.0,68.8135,2021-07-08 10:51:46.021901
lbp_ir_red_mask-gab_red_mask_knn_7,78.006,69.1667,58.5714,68.5814,2021-07-08 10:51:46.671061
lbp_ir_red_mask-gab_red_mask_knn_9,76.131,68.9286,59.7143,68.258,2021-07-08 10:51:47.327294
lbp_ir_red_mask-gab_red_mask_knn_11,74.2857,69.0476,61.7143,68.3492,2021-07-08 10:51:47.988093
lbp_ir_red_mask-gab_green_mask_knn_3,90.9226,74.6429,60.5714,75.379,2021-07-08 10:51:48.556817
lbp_ir_red_mask-gab_green_mask_knn_5,83.3333,72.0238,62.0,72.4524,2021-07-08 10:51:49.149584
lbp_ir_red_mask-gab_green_mask_knn_7,79.6726,72.5,62.8571,71.6766,2021-07-08 10:51:49.764674
lbp_ir_red_mask-gab_green_mask_knn_9,77.7976,70.9524,64.0,70.9167,2021-07-08 10:51:50.386363
lbp_ir_red_mask-gab_green_mask_knn_11,76.3393,72.8571,64.8571,71.3512,2021-07-08 10:51:51.025890
lbp_ir_red_mask-gab_blue_mask_knn_3,90.2083,73.3333,64.0,75.8472,2021-07-08 10:51:51.623377
lbp_ir_red_mask-gab_blue_mask_knn_5,83.0357,71.9048,65.7143,73.5516,2021-07-08 10:51:52.252735
lbp_ir_red_mask-gab_blue_mask_knn_7,79.0179,71.6667,68.0,72.8949,2021-07-08 10:51:52.879412
lbp_ir_red_mask-gab_blue_mask_knn_9,75.744,72.2619,68.2857,72.0972,2021-07-08 10:51:53.518936
lbp_ir_red_mask-gab_blue_mask_knn_11,75.4762,68.0952,70.2857,71.2857,2021-07-08 10:51:54.171783
lbp_ir_red_mask-har_grey_mask_knn_3,94.8214,73.5714,61.4286,76.6071,2021-07-08 10:51:54.457536
lbp_ir_red_mask-har_grey_mask_knn_5,83.7798,78.2143,60.0,73.998,2021-07-08 10:51:54.755956
lbp_ir_red_mask-har_grey_mask_knn_7,80.9821,76.4286,60.5714,72.6607,2021-07-08 10:51:55.060185
lbp_ir_red_mask-har_grey_mask_knn_9,79.3155,75.5952,64.5714,73.1607,2021-07-08 10:51:55.377596
lbp_ir_red_mask-har_grey_mask_knn_11,78.6607,73.3333,64.5714,72.1885,2021-07-08 10:51:55.709677
lbp_ir_red_mask-har_red_mask_knn_3,95.2381,75.9524,54.8571,75.3492,2021-07-08 10:51:56.023582
lbp_ir_red_mask-har_red_mask_knn_5,85.1488,76.9048,57.7143,73.256,2021-07-08 10:51:56.322166
lbp_ir_red_mask-har_red_mask_knn_7,82.8571,76.6667,56.2857,71.9365,2021-07-08 10:51:56.646054
lbp_ir_red_mask-har_red_mask_knn_9,81.3393,74.5238,57.1429,71.002,2021-07-08 10:51:56.981785
lbp_ir_red_mask-har_red_mask_knn_11,78.8095,74.1667,60.2857,71.0873,2021-07-08 10:51:57.311852
lbp_ir_red_mask-har_green_mask_knn_3,95.7143,76.6667,62.0,78.127,2021-07-08 10:51:57.591204
lbp_ir_red_mask-har_green_mask_knn_5,84.0179,78.9286,65.7143,76.2203,2021-07-08 10:51:57.893298
lbp_ir_red_mask-har_green_mask_knn_7,82.6786,76.3095,65.1429,74.7103,2021-07-08 10:51:58.208498
lbp_ir_red_mask-har_green_mask_knn_9,81.5476,75.7143,65.1429,74.1349,2021-07-08 10:51:58.524348
lbp_ir_red_mask-har_green_mask_knn_11,78.9583,73.6905,66.0,72.8829,2021-07-08 10:51:58.852484
lbp_ir_red_mask-har_blue_mask_knn_3,95.4167,76.6667,64.0,78.6945,2021-07-08 10:51:59.164857
lbp_ir_red_mask-har_blue_mask_knn_5,85.4464,79.6429,66.0,77.0298,2021-07-08 10:51:59.482528
lbp_ir_red_mask-har_blue_mask_knn_7,82.5298,77.0238,64.8571,74.8036,2021-07-08 10:51:59.800695
lbp_ir_red_mask-har_blue_mask_knn_9,80.119,75.5952,63.7143,73.1428,2021-07-08 10:52:00.121349
lbp_ir_red_mask-har_blue_mask_knn_11,78.3036,74.6429,63.4286,72.125,2021-07-08 10:52:00.459407
lbp_ir_green_mask-lbp_ir_blue_mask_knn_3,95.8631,76.9048,58.5714,77.1131,2021-07-08 10:52:00.708477
lbp_ir_green_mask-lbp_ir_blue_mask_knn_5,84.881,76.1905,60.5714,73.881,2021-07-08 10:52:00.970290
lbp_ir_green_mask-lbp_ir_blue_mask_knn_7,81.4583,73.9286,64.2857,73.2242,2021-07-08 10:52:01.216058
lbp_ir_green_mask-lbp_ir_blue_mask_knn_9,80.0893,70.7143,62.2857,71.0298,2021-07-08 10:52:01.473428
lbp_ir_green_mask-lbp_ir_blue_mask_knn_11,77.1726,70.2381,62.0,69.8036,2021-07-08 10:52:01.738875
lbp_ir_green_mask-fourier_grey_mask_knn_3,81.2798,65.9524,64.5714,70.6012,2021-07-08 10:52:03.767227
lbp_ir_green_mask-fourier_grey_mask_knn_5,74.5536,63.2143,64.2857,67.3512,2021-07-08 10:52:05.781329
lbp_ir_green_mask-fourier_grey_mask_knn_7,72.619,65.9524,64.0,67.5238,2021-07-08 10:52:07.797861
lbp_ir_green_mask-fourier_grey_mask_knn_9,71.7262,63.6905,64.8571,66.7579,2021-07-08 10:52:09.798305
lbp_ir_green_mask-fourier_grey_mask_knn_11,69.7024,66.1905,64.0,66.631,2021-07-08 10:52:11.859824
lbp_ir_green_mask-fourier_red_mask_knn_3,81.2202,63.3333,56.2857,66.9464,2021-07-08 10:52:13.883221
lbp_ir_green_mask-fourier_red_mask_knn_5,74.3452,61.6667,59.4286,65.1468,2021-07-08 10:52:15.863632
lbp_ir_green_mask-fourier_red_mask_knn_7,72.3214,62.0238,56.0,63.4484,2021-07-08 10:52:17.881715
lbp_ir_green_mask-fourier_red_mask_knn_9,70.5952,62.1429,57.7143,63.4841,2021-07-08 10:52:19.873448
lbp_ir_green_mask-fourier_red_mask_knn_11,70.119,61.3095,59.7143,63.7143,2021-07-08 10:52:21.905861
lbp_ir_green_mask-fourier_green_mask_knn_3,81.0119,63.0952,64.2857,69.4643,2021-07-08 10:52:23.927739
lbp_ir_green_mask-fourier_green_mask_knn_5,76.1607,62.619,65.4286,68.0694,2021-07-08 10:52:25.925301
lbp_ir_green_mask-fourier_green_mask_knn_7,73.8095,62.5,66.0,67.4365,2021-07-08 10:52:27.949556
lbp_ir_green_mask-fourier_green_mask_knn_9,72.1429,65.7143,65.4286,67.7619,2021-07-08 10:52:29.950712
lbp_ir_green_mask-fourier_green_mask_knn_11,71.5476,64.5238,65.1429,67.0714,2021-07-08 10:52:31.939094
lbp_ir_green_mask-fourier_blue_mask_knn_3,82.5298,62.0238,62.0,68.8512,2021-07-08 10:52:33.965708
lbp_ir_green_mask-fourier_blue_mask_knn_5,76.0714,65.8333,62.0,67.9682,2021-07-08 10:52:35.945075
lbp_ir_green_mask-fourier_blue_mask_knn_7,72.6786,65.0,65.1429,67.6072,2021-07-08 10:52:37.962973
lbp_ir_green_mask-fourier_blue_mask_knn_9,72.3512,62.2619,64.2857,66.2996,2021-07-08 10:52:39.963932
lbp_ir_green_mask-fourier_blue_mask_knn_11,71.369,64.881,65.4286,67.2262,2021-07-08 10:52:41.942341
lbp_ir_green_mask-geo_grey_mask_knn_3,95.2083,78.0952,64.2857,79.1964,2021-07-08 10:52:42.362056
lbp_ir_green_mask-geo_grey_mask_knn_5,83.3631,75.0,65.7143,74.6925,2021-07-08 10:52:42.755275
lbp_ir_green_mask-geo_grey_mask_knn_7,81.3095,70.8333,66.0,72.7143,2021-07-08 10:52:43.170139
lbp_ir_green_mask-geo_grey_mask_knn_9,77.2917,71.6667,67.4286,72.129,2021-07-08 10:52:43.608692
lbp_ir_green_mask-geo_grey_mask_knn_11,76.5179,72.2619,68.2857,72.3552,2021-07-08 10:52:44.036262
lbp_ir_green_mask-geo_red_mask_knn_3,94.8214,72.8571,62.8571,76.8452,2021-07-08 10:52:44.442125
lbp_ir_green_mask-geo_red_mask_knn_5,83.006,73.6905,63.7143,73.4703,2021-07-08 10:52:44.833081
lbp_ir_green_mask-geo_red_mask_knn_7,79.2857,72.381,64.2857,71.9841,2021-07-08 10:52:45.232060
lbp_ir_green_mask-geo_red_mask_knn_9,77.1726,71.5476,66.0,71.5734,2021-07-08 10:52:45.628437
lbp_ir_green_mask-geo_red_mask_knn_11,76.8155,68.9286,69.1429,71.629,2021-07-08 10:52:46.051111
lbp_ir_green_mask-geo_green_mask_knn_3,94.5833,75.4762,62.8571,77.6389,2021-07-08 10:52:46.448257
lbp_ir_green_mask-geo_green_mask_knn_5,82.619,76.3095,62.2857,73.7381,2021-07-08 10:52:46.844254
lbp_ir_green_mask-geo_green_mask_knn_7,79.7321,69.881,64.8571,71.4901,2021-07-08 10:52:47.252403
lbp_ir_green_mask-geo_green_mask_knn_9,76.8452,71.3095,65.1429,71.0992,2021-07-08 10:52:47.699080
lbp_ir_green_mask-geo_green_mask_knn_11,75.4762,70.5952,64.5714,70.2143,2021-07-08 10:52:48.130286
lbp_ir_green_mask-geo_blue_mask_knn_3,93.9286,73.0952,65.4286,77.4841,2021-07-08 10:52:48.505426
lbp_ir_green_mask-geo_blue_mask_knn_5,83.0357,70.9524,66.5714,73.5198,2021-07-08 10:52:48.876288
lbp_ir_green_mask-geo_blue_mask_knn_7,79.5536,69.5238,67.4286,72.1687,2021-07-08 10:52:49.286800
lbp_ir_green_mask-geo_blue_mask_knn_9,76.9643,68.4524,69.7143,71.7103,2021-07-08 10:52:49.695479
lbp_ir_green_mask-geo_blue_mask_knn_11,76.3393,67.381,68.8571,70.8591,2021-07-08 10:52:50.090596
lbp_ir_green_mask-gab_grey_mask_knn_3,90.3571,73.3333,64.2857,75.992,2021-07-08 10:52:50.673038
lbp_ir_green_mask-gab_grey_mask_knn_5,82.7976,71.9048,63.7143,72.8056,2021-07-08 10:52:51.283887
lbp_ir_green_mask-gab_grey_mask_knn_7,79.9702,70.4762,66.8571,72.4345,2021-07-08 10:52:51.922796
lbp_ir_green_mask-gab_grey_mask_knn_9,77.8571,72.2619,66.8571,72.3254,2021-07-08 10:52:52.578614
lbp_ir_green_mask-gab_grey_mask_knn_11,76.8452,72.5,66.5714,71.9722,2021-07-08 10:52:53.247038
lbp_ir_green_mask-gab_red_mask_knn_3,89.0774,72.2619,58.8571,73.3988,2021-07-08 10:52:53.852304
lbp_ir_green_mask-gab_red_mask_knn_5,81.1607,71.3095,60.2857,70.9186,2021-07-08 10:52:54.459686
lbp_ir_green_mask-gab_red_mask_knn_7,77.6488,68.9286,60.0,68.8591,2021-07-08 10:52:55.124146
lbp_ir_green_mask-gab_red_mask_knn_9,76.6071,68.0952,59.4286,68.0436,2021-07-08 10:52:55.773892
lbp_ir_green_mask-gab_red_mask_knn_11,75.2976,69.1667,60.2857,68.25,2021-07-08 10:52:56.457398
lbp_ir_green_mask-gab_green_mask_knn_3,90.6548,76.1905,62.8571,76.5675,2021-07-08 10:52:57.021184
lbp_ir_green_mask-gab_green_mask_knn_5,83.2143,72.9762,66.5714,74.254,2021-07-08 10:52:57.639079
lbp_ir_green_mask-gab_green_mask_knn_7,80.2976,73.8095,63.7143,72.6071,2021-07-08 10:52:58.301090
lbp_ir_green_mask-gab_green_mask_knn_9,77.9167,73.4524,66.8571,72.7421,2021-07-08 10:52:58.947792
lbp_ir_green_mask-gab_green_mask_knn_11,78.244,70.7143,68.0,72.3194,2021-07-08 10:52:59.612388
lbp_ir_green_mask-gab_blue_mask_knn_3,90.7143,74.6429,64.5714,76.6429,2021-07-08 10:53:00.189947
lbp_ir_green_mask-gab_blue_mask_knn_5,83.006,72.0238,69.4286,74.8195,2021-07-08 10:53:00.805819
lbp_ir_green_mask-gab_blue_mask_knn_7,79.6726,71.5476,70.2857,73.8353,2021-07-08 10:53:01.454150
lbp_ir_green_mask-gab_blue_mask_knn_9,78.0952,70.4762,69.7143,72.7619,2021-07-08 10:53:02.114932
lbp_ir_green_mask-gab_blue_mask_knn_11,76.4286,70.119,67.4286,71.3254,2021-07-08 10:53:02.781714
lbp_ir_green_mask-har_grey_mask_knn_3,95.5655,77.0238,65.4286,79.3393,2021-07-08 10:53:03.071594
lbp_ir_green_mask-har_grey_mask_knn_5,85.5952,80.3571,66.5714,77.5079,2021-07-08 10:53:03.369413
lbp_ir_green_mask-har_grey_mask_knn_7,82.5,75.9524,66.0,74.8175,2021-07-08 10:53:03.688714
lbp_ir_green_mask-har_grey_mask_knn_9,80.7143,77.381,67.4286,75.1746,2021-07-08 10:53:04.010233
lbp_ir_green_mask-har_grey_mask_knn_11,78.4524,74.7619,66.2857,73.1667,2021-07-08 10:53:04.354834
lbp_ir_green_mask-har_red_mask_knn_3,95.5357,76.4286,60.5714,77.5119,2021-07-08 10:53:04.663272
lbp_ir_green_mask-har_red_mask_knn_5,86.8155,79.0476,62.2857,76.0496,2021-07-08 10:53:04.973293
lbp_ir_green_mask-har_red_mask_knn_7,84.1071,76.6667,61.7143,74.1627,2021-07-08 10:53:05.316968
lbp_ir_green_mask-har_red_mask_knn_9,80.8333,77.619,64.8571,74.4365,2021-07-08 10:53:05.667434
lbp_ir_green_mask-har_red_mask_knn_11,80.3274,75.2381,63.4286,72.998,2021-07-08 10:53:06.014372
lbp_ir_green_mask-har_green_mask_knn_3,95.625,77.9762,64.8571,79.4861,2021-07-08 10:53:06.301531
lbp_ir_green_mask-har_green_mask_knn_5,85.1786,80.4762,68.8571,78.1706,2021-07-08 10:53:06.596105
lbp_ir_green_mask-har_green_mask_knn_7,83.244,77.5,69.1429,76.629,2021-07-08 10:53:06.929765
lbp_ir_green_mask-har_green_mask_knn_9,81.369,76.9048,69.1429,75.8056,2021-07-08 10:53:07.249834
lbp_ir_green_mask-har_green_mask_knn_11,80.5655,75.119,68.5714,74.752,2021-07-08 10:53:07.578746
lbp_ir_green_mask-har_blue_mask_knn_3,95.5952,78.4524,68.0,80.6825,2021-07-08 10:53:07.867707
lbp_ir_green_mask-har_blue_mask_knn_5,85.2381,79.881,66.0,77.0397,2021-07-08 10:53:08.174639
lbp_ir_green_mask-har_blue_mask_knn_7,82.2917,76.7857,64.0,74.3591,2021-07-08 10:53:08.485233
lbp_ir_green_mask-har_blue_mask_knn_9,81.25,77.7381,64.5714,74.5198,2021-07-08 10:53:08.816879
lbp_ir_green_mask-har_blue_mask_knn_11,79.9702,73.0952,64.2857,72.4504,2021-07-08 10:53:09.195272
lbp_ir_blue_mask-fourier_grey_mask_knn_3,81.875,60.9524,65.4286,69.4187,2021-07-08 10:53:11.175285
lbp_ir_blue_mask-fourier_grey_mask_knn_5,76.131,62.619,65.1429,67.9643,2021-07-08 10:53:13.154629
lbp_ir_blue_mask-fourier_grey_mask_knn_7,73.4524,63.5714,62.8571,66.627,2021-07-08 10:53:15.163238
lbp_ir_blue_mask-fourier_grey_mask_knn_9,72.2917,65.3571,64.2857,67.3115,2021-07-08 10:53:17.157317
lbp_ir_blue_mask-fourier_grey_mask_knn_11,69.9405,65.0,63.7143,66.2183,2021-07-08 10:53:19.150861
lbp_ir_blue_mask-fourier_red_mask_knn_3,81.0417,62.1429,57.7143,66.9663,2021-07-08 10:53:21.263262
lbp_ir_blue_mask-fourier_red_mask_knn_5,75.2381,63.4524,58.5714,65.754,2021-07-08 10:53:23.294812
lbp_ir_blue_mask-fourier_red_mask_knn_7,72.0833,61.4286,56.5714,63.3611,2021-07-08 10:53:25.411837
lbp_ir_blue_mask-fourier_red_mask_knn_9,69.3155,62.9762,58.0,63.4306,2021-07-08 10:53:27.370814
lbp_ir_blue_mask-fourier_red_mask_knn_11,68.8988,63.2143,57.7143,63.2758,2021-07-08 10:53:29.385815
lbp_ir_blue_mask-fourier_green_mask_knn_3,80.8333,65.4762,63.1429,69.8175,2021-07-08 10:53:31.379299
lbp_ir_blue_mask-fourier_green_mask_knn_5,75.744,63.5714,65.4286,68.248,2021-07-08 10:53:33.372451
lbp_ir_blue_mask-fourier_green_mask_knn_7,72.9464,64.2857,66.5714,67.9345,2021-07-08 10:53:35.379078
lbp_ir_blue_mask-fourier_green_mask_knn_9,72.2917,64.5238,65.4286,67.4147,2021-07-08 10:53:37.346636
lbp_ir_blue_mask-fourier_green_mask_knn_11,71.3393,63.5714,65.7143,66.875,2021-07-08 10:53:39.337315
lbp_ir_blue_mask-fourier_blue_mask_knn_3,81.1012,62.2619,62.0,68.4544,2021-07-08 10:53:41.356736
lbp_ir_blue_mask-fourier_blue_mask_knn_5,75.625,64.881,62.5714,67.6925,2021-07-08 10:53:43.350404
lbp_ir_blue_mask-fourier_blue_mask_knn_7,72.9464,63.0952,64.8571,66.9662,2021-07-08 10:53:45.345249
lbp_ir_blue_mask-fourier_blue_mask_knn_9,71.7262,64.1667,65.7143,67.2024,2021-07-08 10:53:47.347211
lbp_ir_blue_mask-fourier_blue_mask_knn_11,69.9107,65.0,65.7143,66.875,2021-07-08 10:53:49.368582
lbp_ir_blue_mask-geo_grey_mask_knn_3,94.881,76.3095,62.2857,77.8254,2021-07-08 10:53:49.754476
lbp_ir_blue_mask-geo_grey_mask_knn_5,84.256,76.5476,63.1429,74.6488,2021-07-08 10:53:50.146892
lbp_ir_blue_mask-geo_grey_mask_knn_7,80.4464,72.9762,64.5714,72.6647,2021-07-08 10:53:50.557328
lbp_ir_blue_mask-geo_grey_mask_knn_9,77.9167,73.6905,64.2857,71.9643,2021-07-08 10:53:50.971056
lbp_ir_blue_mask-geo_grey_mask_knn_11,75.8631,71.4286,65.7143,71.002,2021-07-08 10:53:51.419918
lbp_ir_blue_mask-geo_red_mask_knn_3,95.3869,79.5238,59.7143,78.2083,2021-07-08 10:53:51.831820
lbp_ir_blue_mask-geo_red_mask_knn_5,84.3155,75.3571,63.7143,74.4623,2021-07-08 10:53:52.231554
lbp_ir_blue_mask-geo_red_mask_knn_7,81.369,73.5714,64.0,72.9801,2021-07-08 10:53:52.631569
lbp_ir_blue_mask-geo_red_mask_knn_9,78.5417,71.6667,64.0,71.4028,2021-07-08 10:53:53.069583
lbp_ir_blue_mask-geo_red_mask_knn_11,76.7857,72.8571,65.4286,71.6905,2021-07-08 10:53:53.498275
lbp_ir_blue_mask-geo_green_mask_knn_3,94.1964,74.5238,62.0,76.9067,2021-07-08 10:53:53.875771
lbp_ir_blue_mask-geo_green_mask_knn_5,82.2024,75.0,61.1429,72.7818,2021-07-08 10:53:54.286935
lbp_ir_blue_mask-geo_green_mask_knn_7,79.3452,69.881,64.0,71.0754,2021-07-08 10:53:54.706608
lbp_ir_blue_mask-geo_green_mask_knn_9,76.6667,70.119,62.5714,69.7857,2021-07-08 10:53:55.120788
lbp_ir_blue_mask-geo_green_mask_knn_11,75.6845,73.5714,64.8571,71.371,2021-07-08 10:53:55.563994
lbp_ir_blue_mask-geo_blue_mask_knn_3,95.3571,73.8095,62.0,77.0555,2021-07-08 10:53:55.925108
lbp_ir_blue_mask-geo_blue_mask_knn_5,83.869,73.0952,68.2857,75.0833,2021-07-08 10:53:56.316371
lbp_ir_blue_mask-geo_blue_mask_knn_7,79.7321,70.5952,69.4286,73.252,2021-07-08 10:53:56.697104
lbp_ir_blue_mask-geo_blue_mask_knn_9,76.8452,72.2619,66.8571,71.9881,2021-07-08 10:53:57.095034
lbp_ir_blue_mask-geo_blue_mask_knn_11,74.7024,69.4048,66.8571,70.3214,2021-07-08 10:53:57.489351
lbp_ir_blue_mask-gab_grey_mask_knn_3,89.5833,75.0,63.7143,76.0992,2021-07-08 10:53:58.065866
lbp_ir_blue_mask-gab_grey_mask_knn_5,82.8274,70.8333,64.0,72.5536,2021-07-08 10:53:58.692756
lbp_ir_blue_mask-gab_grey_mask_knn_7,79.5536,71.6667,66.0,72.4068,2021-07-08 10:53:59.346235
lbp_ir_blue_mask-gab_grey_mask_knn_9,77.5595,71.1905,66.0,71.5833,2021-07-08 10:54:00.007319
lbp_ir_blue_mask-gab_grey_mask_knn_11,76.0714,73.5714,66.5714,72.0714,2021-07-08 10:54:00.692884
lbp_ir_blue_mask-gab_red_mask_knn_3,88.9286,74.6429,60.5714,74.7143,2021-07-08 10:54:01.292988
lbp_ir_blue_mask-gab_red_mask_knn_5,82.2321,72.381,59.4286,71.3472,2021-07-08 10:54:01.938693
lbp_ir_blue_mask-gab_red_mask_knn_7,79.0476,69.881,60.0,69.6429,2021-07-08 10:54:02.599419
lbp_ir_blue_mask-gab_red_mask_knn_9,77.1131,69.6429,61.4286,69.3949,2021-07-08 10:54:03.280442
lbp_ir_blue_mask-gab_red_mask_knn_11,74.881,67.7381,63.1429,68.5873,2021-07-08 10:54:03.953461
lbp_ir_blue_mask-gab_green_mask_knn_3,90.5952,72.0238,64.8571,75.8254,2021-07-08 10:54:04.537408
lbp_ir_blue_mask-gab_green_mask_knn_5,82.9762,72.8571,64.8571,73.5635,2021-07-08 10:54:05.159229
lbp_ir_blue_mask-gab_green_mask_knn_7,80.3869,68.8095,65.7143,71.6369,2021-07-08 10:54:05.809873
lbp_ir_blue_mask-gab_green_mask_knn_9,78.9286,68.4524,65.7143,71.0318,2021-07-08 10:54:06.484497
lbp_ir_blue_mask-gab_green_mask_knn_11,77.2024,68.9286,67.7143,71.2818,2021-07-08 10:54:07.161538
lbp_ir_blue_mask-gab_blue_mask_knn_3,90.2976,73.6905,66.8571,76.9484,2021-07-08 10:54:07.774060
lbp_ir_blue_mask-gab_blue_mask_knn_5,82.4405,71.5476,66.8571,73.6151,2021-07-08 10:54:08.416160
lbp_ir_blue_mask-gab_blue_mask_knn_7,79.8214,72.1429,67.4286,73.131,2021-07-08 10:54:09.068219
lbp_ir_blue_mask-gab_blue_mask_knn_9,76.9643,71.4286,67.1429,71.8453,2021-07-08 10:54:09.736987
lbp_ir_blue_mask-gab_blue_mask_knn_11,77.2917,71.4286,69.1429,72.6211,2021-07-08 10:54:10.418503
lbp_ir_blue_mask-har_grey_mask_knn_3,95.4464,75.3571,65.4286,78.744,2021-07-08 10:54:10.725966
lbp_ir_blue_mask-har_grey_mask_knn_5,84.7321,81.1905,64.5714,76.8313,2021-07-08 10:54:11.037724
lbp_ir_blue_mask-har_grey_mask_knn_7,82.5298,74.5238,63.4286,73.4941,2021-07-08 10:54:11.364981
lbp_ir_blue_mask-har_grey_mask_knn_9,80.5952,76.0714,68.2857,74.9841,2021-07-08 10:54:11.716876
lbp_ir_blue_mask-har_grey_mask_knn_11,78.9881,70.3571,68.5714,72.6389,2021-07-08 10:54:12.052621
lbp_ir_blue_mask-har_red_mask_knn_3,95.0,75.9524,63.7143,78.2222,2021-07-08 10:54:12.358094
lbp_ir_blue_mask-har_red_mask_knn_5,86.3095,79.1667,63.7143,76.3968,2021-07-08 10:54:12.677376
lbp_ir_blue_mask-har_red_mask_knn_7,83.5119,75.8333,62.8571,74.0674,2021-07-08 10:54:13.010758
lbp_ir_blue_mask-har_red_mask_knn_9,81.1607,77.5,62.2857,73.6488,2021-07-08 10:54:13.392957
lbp_ir_blue_mask-har_red_mask_knn_11,78.1548,74.6429,62.5714,71.7897,2021-07-08 10:54:13.760080
lbp_ir_blue_mask-har_green_mask_knn_3,95.6548,80.0,63.4286,79.6945,2021-07-08 10:54:14.059275
lbp_ir_blue_mask-har_green_mask_knn_5,86.5774,81.0714,67.4286,78.3591,2021-07-08 10:54:14.373676
lbp_ir_blue_mask-har_green_mask_knn_7,83.0952,76.6667,67.1429,75.6349,2021-07-08 10:54:14.702249
lbp_ir_blue_mask-har_green_mask_knn_9,80.4464,76.0714,68.0,74.8393,2021-07-08 10:54:15.026419
lbp_ir_blue_mask-har_green_mask_knn_11,79.4345,73.3333,68.5714,73.7797,2021-07-08 10:54:15.370790
lbp_ir_blue_mask-har_blue_mask_knn_3,95.625,78.0952,66.2857,80.002,2021-07-08 10:54:15.663686
lbp_ir_blue_mask-har_blue_mask_knn_5,84.5536,79.0476,67.7143,77.1052,2021-07-08 10:54:15.963782
lbp_ir_blue_mask-har_blue_mask_knn_7,82.9167,74.4048,66.0,74.4405,2021-07-08 10:54:16.296585
lbp_ir_blue_mask-har_blue_mask_knn_9,79.5833,76.6667,67.7143,74.6548,2021-07-08 10:54:16.625020
lbp_ir_blue_mask-har_blue_mask_knn_11,79.6429,72.1429,67.4286,73.0715,2021-07-08 10:54:16.984386
fourier_grey_mask-fourier_red_mask_knn_3,81.369,61.4286,63.1429,68.6468,2021-07-08 10:54:20.509478
fourier_grey_mask-fourier_red_mask_knn_5,75.7738,62.1429,63.4286,67.1151,2021-07-08 10:54:24.103759
fourier_grey_mask-fourier_red_mask_knn_7,71.9345,62.7381,62.2857,65.6528,2021-07-08 10:54:27.743733
fourier_grey_mask-fourier_red_mask_knn_9,71.7262,62.1429,62.5714,65.4802,2021-07-08 10:54:31.313644
fourier_grey_mask-fourier_red_mask_knn_11,69.3155,65.0,63.4286,65.9147,2021-07-08 10:54:34.937423
fourier_grey_mask-fourier_green_mask_knn_3,79.4048,60.8333,60.8571,67.0317,2021-07-08 10:54:37.645284
fourier_grey_mask-fourier_green_mask_knn_5,73.6607,62.5,62.0,66.0536,2021-07-08 10:54:40.290756
fourier_grey_mask-fourier_green_mask_knn_7,71.0714,61.0714,62.5714,64.9047,2021-07-08 10:54:42.940722
fourier_grey_mask-fourier_green_mask_knn_9,69.2857,63.8095,62.5714,65.2222,2021-07-08 10:54:45.585726
fourier_grey_mask-fourier_green_mask_knn_11,68.3929,60.8333,65.7143,64.9802,2021-07-08 10:54:48.284712
fourier_grey_mask-fourier_blue_mask_knn_3,80.4464,64.1667,62.0,68.871,2021-07-08 10:54:51.872748
fourier_grey_mask-fourier_blue_mask_knn_5,74.4345,61.9048,61.7143,66.0179,2021-07-08 10:54:55.527276
fourier_grey_mask-fourier_blue_mask_knn_7,73.0357,60.8333,61.7143,65.1944,2021-07-08 10:54:59.184918
fourier_grey_mask-fourier_blue_mask_knn_9,71.1905,63.0952,64.0,66.0952,2021-07-08 10:55:02.832138
fourier_grey_mask-fourier_blue_mask_knn_11,70.7738,64.1667,64.0,66.3135,2021-07-08 10:55:06.479179
fourier_grey_mask-geo_grey_mask_knn_3,81.6964,64.2857,64.8571,70.2797,2021-07-08 10:55:08.538995
fourier_grey_mask-geo_grey_mask_knn_5,76.3393,65.2381,64.8571,68.8115,2021-07-08 10:55:10.613303
fourier_grey_mask-geo_grey_mask_knn_7,75.5952,63.0952,64.8571,67.8492,2021-07-08 10:55:12.727607
fourier_grey_mask-geo_grey_mask_knn_9,72.7083,66.3095,66.2857,68.4345,2021-07-08 10:55:14.883477
fourier_grey_mask-geo_grey_mask_knn_11,71.4286,67.0238,66.2857,68.246,2021-07-08 10:55:17.001852
fourier_grey_mask-geo_red_mask_knn_3,81.1012,62.2619,61.1429,68.1687,2021-07-08 10:55:19.192871
fourier_grey_mask-geo_red_mask_knn_5,74.9702,65.7143,62.2857,67.6567,2021-07-08 10:55:21.236640
fourier_grey_mask-geo_red_mask_knn_7,71.8452,62.619,61.4286,65.2976,2021-07-08 10:55:23.365606
fourier_grey_mask-geo_red_mask_knn_9,71.756,64.1667,60.8571,65.5933,2021-07-08 10:55:25.478178
fourier_grey_mask-geo_red_mask_knn_11,71.4286,62.381,63.1429,65.6508,2021-07-08 10:55:27.656013
fourier_grey_mask-geo_green_mask_knn_3,82.5298,64.6429,61.7143,69.629,2021-07-08 10:55:29.842814
fourier_grey_mask-geo_green_mask_knn_5,76.1607,65.5952,63.1429,68.2996,2021-07-08 10:55:31.885907
fourier_grey_mask-geo_green_mask_knn_7,72.8274,65.119,62.2857,66.744,2021-07-08 10:55:33.937804
fourier_grey_mask-geo_green_mask_knn_9,72.5,64.881,65.4286,67.6032,2021-07-08 10:55:36.101599
fourier_grey_mask-geo_green_mask_knn_11,70.5655,66.0714,66.0,67.5456,2021-07-08 10:55:38.258230
fourier_grey_mask-geo_blue_mask_knn_3,81.6964,67.7381,65.4286,71.621,2021-07-08 10:55:40.517707
fourier_grey_mask-geo_blue_mask_knn_5,75.5952,65.0,67.7143,69.4365,2021-07-08 10:55:42.592445
fourier_grey_mask-geo_blue_mask_knn_7,73.5417,63.2143,66.0,67.5853,2021-07-08 10:55:44.643004
fourier_grey_mask-geo_blue_mask_knn_9,72.5893,64.5238,67.7143,68.2758,2021-07-08 10:55:46.746418
fourier_grey_mask-geo_blue_mask_knn_11,70.8631,66.1905,69.1429,68.7322,2021-07-08 10:55:48.859367
fourier_grey_mask-gab_grey_mask_knn_3,82.6786,62.9762,63.4286,69.6945,2021-07-08 10:55:51.965497
fourier_grey_mask-gab_grey_mask_knn_5,75.4167,65.5952,62.8571,67.9563,2021-07-08 10:55:55.035377
fourier_grey_mask-gab_grey_mask_knn_7,72.2619,65.119,61.1429,66.1746,2021-07-08 10:55:58.035051
fourier_grey_mask-gab_grey_mask_knn_9,71.25,62.8571,63.1429,65.75,2021-07-08 10:56:01.026480
fourier_grey_mask-gab_grey_mask_knn_11,68.5119,66.0714,62.2857,65.623,2021-07-08 10:56:03.997214
fourier_grey_mask-gab_red_mask_knn_3,82.1131,65.3571,64.0,70.4901,2021-07-08 10:56:06.922656
fourier_grey_mask-gab_red_mask_knn_5,75.5357,63.9286,62.2857,67.25,2021-07-08 10:56:09.862627
fourier_grey_mask-gab_red_mask_knn_7,72.6488,64.2857,60.5714,65.8353,2021-07-08 10:56:12.927765
fourier_grey_mask-gab_red_mask_knn_9,72.381,64.881,60.5714,65.9445,2021-07-08 10:56:16.229737
fourier_grey_mask-gab_red_mask_knn_11,70.0298,65.4762,62.0,65.8353,2021-07-08 10:56:19.476496
fourier_grey_mask-gab_green_mask_knn_3,81.1905,63.0952,64.2857,69.5238,2021-07-08 10:56:22.778005
fourier_grey_mask-gab_green_mask_knn_5,76.2202,63.6905,64.0,67.9702,2021-07-08 10:56:26.050017
fourier_grey_mask-gab_green_mask_knn_7,72.7381,64.4048,62.0,66.381,2021-07-08 10:56:29.192376
fourier_grey_mask-gab_green_mask_knn_9,71.9048,64.7619,60.8571,65.8413,2021-07-08 10:56:32.153335
fourier_grey_mask-gab_green_mask_knn_11,70.8929,63.9286,60.8571,65.2262,2021-07-08 10:56:35.123507
fourier_grey_mask-gab_blue_mask_knn_3,81.0417,63.6905,62.8571,69.1964,2021-07-08 10:56:38.125602
fourier_grey_mask-gab_blue_mask_knn_5,75.3869,66.3095,62.0,67.8988,2021-07-08 10:56:41.056772
fourier_grey_mask-gab_blue_mask_knn_7,72.6488,65.5952,62.5714,66.9385,2021-07-08 10:56:44.112526
fourier_grey_mask-gab_blue_mask_knn_9,72.0833,65.0,62.8571,66.6468,2021-07-08 10:56:47.118597
fourier_grey_mask-gab_blue_mask_knn_11,71.4286,62.5,62.5714,65.5,2021-07-08 10:56:50.173191
fourier_grey_mask-har_grey_mask_knn_3,82.4702,66.3095,62.2857,70.3551,2021-07-08 10:56:52.415743
fourier_grey_mask-har_grey_mask_knn_5,76.7857,65.2381,60.2857,67.4365,2021-07-08 10:56:54.592404
fourier_grey_mask-har_grey_mask_knn_7,73.9286,64.0476,62.2857,66.754,2021-07-08 10:56:56.768877
fourier_grey_mask-har_grey_mask_knn_9,71.9345,65.0,62.2857,66.4067,2021-07-08 10:56:58.987293
fourier_grey_mask-har_grey_mask_knn_11,70.2381,66.3095,62.8571,66.4682,2021-07-08 10:57:01.200664
fourier_grey_mask-har_red_mask_knn_3,82.619,65.7143,62.0,70.1111,2021-07-08 10:57:03.431972
fourier_grey_mask-har_red_mask_knn_5,76.5774,64.5238,62.8571,67.9861,2021-07-08 10:57:05.635992
fourier_grey_mask-har_red_mask_knn_7,73.125,64.0476,64.0,67.0575,2021-07-08 10:57:07.826098
fourier_grey_mask-har_red_mask_knn_9,72.1131,64.0476,64.8571,67.0059,2021-07-08 10:57:10.025379
fourier_grey_mask-har_red_mask_knn_11,70.506,63.0952,64.0,65.8671,2021-07-08 10:57:12.224351
fourier_grey_mask-har_green_mask_knn_3,82.7381,66.6667,57.1429,68.8492,2021-07-08 10:57:14.432613
fourier_grey_mask-har_green_mask_knn_5,76.369,67.1429,61.4286,68.3135,2021-07-08 10:57:16.549722
fourier_grey_mask-har_green_mask_knn_7,74.4643,64.5238,60.0,66.3294,2021-07-08 10:57:18.680667
fourier_grey_mask-har_green_mask_knn_9,72.5298,66.1905,60.8571,66.5258,2021-07-08 10:57:20.808400
fourier_grey_mask-har_green_mask_knn_11,70.3869,63.3333,61.7143,65.1448,2021-07-08 10:57:22.949321
fourier_grey_mask-har_blue_mask_knn_3,82.4405,66.1905,65.1429,71.258,2021-07-08 10:57:25.088424
fourier_grey_mask-har_blue_mask_knn_5,76.875,63.3333,63.1429,67.7837,2021-07-08 10:57:27.312340
fourier_grey_mask-har_blue_mask_knn_7,73.5714,64.6429,64.2857,67.5,2021-07-08 10:57:29.487210
fourier_grey_mask-har_blue_mask_knn_9,72.5298,63.0952,64.0,66.5417,2021-07-08 10:57:31.641687
fourier_grey_mask-har_blue_mask_knn_11,71.25,63.0952,64.2857,66.2103,2021-07-08 10:57:33.815474
fourier_red_mask-fourier_green_mask_knn_3,80.7738,65.7143,64.2857,70.2579,2021-07-08 10:57:37.458012
fourier_red_mask-fourier_green_mask_knn_5,76.131,62.381,66.5714,68.3611,2021-07-08 10:57:41.078382
fourier_red_mask-fourier_green_mask_knn_7,73.4524,63.3333,65.4286,67.4048,2021-07-08 10:57:44.698427
fourier_red_mask-fourier_green_mask_knn_9,71.7857,64.4048,65.1429,67.1111,2021-07-08 10:57:48.251771
fourier_red_mask-fourier_green_mask_knn_11,70.6845,62.619,64.8571,66.0535,2021-07-08 10:57:51.810552
fourier_red_mask-fourier_blue_mask_knn_3,80.7738,61.4286,59.4286,67.2103,2021-07-08 10:57:55.467663
fourier_red_mask-fourier_blue_mask_knn_5,75.0893,63.0952,60.2857,66.1567,2021-07-08 10:57:59.026920
fourier_red_mask-fourier_blue_mask_knn_7,72.619,62.5,62.0,65.7063,2021-07-08 10:58:02.594789
fourier_red_mask-fourier_blue_mask_knn_9,70.5655,63.3333,61.7143,65.2044,2021-07-08 10:58:06.205977
fourier_red_mask-fourier_blue_mask_knn_11,71.131,64.0476,62.5714,65.9167,2021-07-08 10:58:09.795778
fourier_red_mask-geo_grey_mask_knn_3,81.8452,61.3095,57.4286,66.8611,2021-07-08 10:58:11.902047
fourier_red_mask-geo_grey_mask_knn_5,77.5298,61.5476,59.7143,66.2639,2021-07-08 10:58:13.978283
fourier_red_mask-geo_grey_mask_knn_7,74.0774,62.9762,60.5714,65.875,2021-07-08 10:58:16.043488
fourier_red_mask-geo_grey_mask_knn_9,73.0655,62.7381,60.8571,65.5536,2021-07-08 10:58:18.109407
fourier_red_mask-geo_grey_mask_knn_11,70.8929,66.0714,62.0,66.3214,2021-07-08 10:58:20.347310
fourier_red_mask-geo_red_mask_knn_3,79.5238,66.1905,61.4286,69.0476,2021-07-08 10:58:22.451784
fourier_red_mask-geo_red_mask_knn_5,74.3155,62.381,62.2857,66.3274,2021-07-08 10:58:24.479575
fourier_red_mask-geo_red_mask_knn_7,71.0417,60.4762,62.0,64.506,2021-07-08 10:58:26.728978
fourier_red_mask-geo_red_mask_knn_11,68.8095,60.7143,64.0,64.5079,2021-07-08 10:58:30.350178
fourier_red_mask-geo_green_mask_knn_3,79.7917,63.9286,56.5714,66.7639,2021-07-08 10:58:32.428720
fourier_red_mask-geo_green_mask_knn_5,74.9107,65.9524,56.5714,65.8115,2021-07-08 10:58:34.452275
fourier_red_mask-geo_green_mask_knn_7,71.5774,62.7381,56.2857,63.5337,2021-07-08 10:58:36.497009
fourier_red_mask-geo_green_mask_knn_9,70.2679,64.4048,60.0,64.8909,2021-07-08 10:58:38.540645
fourier_red_mask-geo_green_mask_knn_11,69.1071,63.0952,60.0,64.0674,2021-07-08 10:58:40.571188
fourier_red_mask-geo_blue_mask_knn_3,81.0119,66.5476,61.1429,69.5675,2021-07-08 10:58:42.605952
fourier_red_mask-geo_blue_mask_knn_5,76.369,62.1429,62.2857,66.9325,2021-07-08 10:58:44.610891
fourier_red_mask-geo_blue_mask_knn_7,74.2262,60.7143,62.2857,65.7421,2021-07-08 10:58:46.651891
fourier_red_mask-geo_blue_mask_knn_9,72.1726,62.619,62.8571,65.8829,2021-07-08 10:58:48.695104
fourier_red_mask-geo_blue_mask_knn_11,69.8512,64.5238,64.5714,66.3155,2021-07-08 10:58:50.731590
fourier_red_mask-gab_grey_mask_knn_3,82.6488,63.4524,60.0,68.7004,2021-07-08 10:58:53.710581
fourier_red_mask-gab_grey_mask_knn_5,76.25,65.119,59.7143,67.0278,2021-07-08 10:58:56.668310
fourier_red_mask-gab_grey_mask_knn_7,73.75,65.0,58.5714,65.7738,2021-07-08 10:58:59.605388
fourier_red_mask-gab_grey_mask_knn_9,71.6964,67.2619,61.7143,66.8909,2021-07-08 10:59:02.540569
fourier_red_mask-gab_grey_mask_knn_11,70.9226,66.7857,60.8571,66.1885,2021-07-08 10:59:05.502072
fourier_red_mask-gab_red_mask_knn_3,80.744,62.2619,56.8571,66.621,2021-07-08 10:59:08.424407
fourier_red_mask-gab_red_mask_knn_5,74.7321,62.7381,56.2857,64.5853,2021-07-08 10:59:11.363735
fourier_red_mask-gab_red_mask_knn_7,72.1726,62.7381,56.0,63.6369,2021-07-08 10:59:14.308013
fourier_red_mask-gab_red_mask_knn_9,70.2976,62.2619,57.4286,63.3294,2021-07-08 10:59:17.333277
fourier_red_mask-gab_red_mask_knn_11,69.3452,61.7857,58.2857,63.1389,2021-07-08 10:59:20.272045
fourier_red_mask-gab_green_mask_knn_3,82.8274,65.7143,64.2857,70.9425,2021-07-08 10:59:23.227311
fourier_red_mask-gab_green_mask_knn_5,77.7976,62.619,63.7143,68.0436,2021-07-08 10:59:26.185924
fourier_red_mask-gab_green_mask_knn_7,73.631,68.6905,62.8571,68.3929,2021-07-08 10:59:29.165631
fourier_red_mask-gab_green_mask_knn_9,72.7083,64.881,63.4286,67.006,2021-07-08 10:59:32.183153
fourier_red_mask-gab_green_mask_knn_11,71.3393,66.3095,61.1429,66.2639,2021-07-08 10:59:35.219264
fourier_red_mask-gab_blue_mask_knn_3,83.006,66.6667,61.1429,70.2719,2021-07-08 10:59:38.263817
fourier_red_mask-gab_blue_mask_knn_5,77.6786,65.0,64.2857,68.9881,2021-07-08 10:59:41.295199
fourier_red_mask-gab_blue_mask_knn_7,74.2262,64.881,62.0,67.0357,2021-07-08 10:59:44.331562
fourier_red_mask-gab_blue_mask_knn_9,72.9762,65.2381,62.0,66.7381,2021-07-08 10:59:47.319226
fourier_red_mask-gab_blue_mask_knn_11,71.7857,63.0952,60.2857,65.0555,2021-07-08 10:59:50.344115
fourier_red_mask-har_grey_mask_knn_3,82.7976,65.9524,56.8571,68.5357,2021-07-08 10:59:52.481710
fourier_red_mask-har_grey_mask_knn_5,76.8452,64.0476,59.4286,66.7738,2021-07-08 10:59:54.614352
fourier_red_mask-har_grey_mask_knn_7,73.3036,67.5,59.4286,66.7441,2021-07-08 10:59:56.737112
fourier_red_mask-har_grey_mask_knn_9,71.756,64.4048,58.5714,64.9107,2021-07-08 10:59:58.879152
fourier_red_mask-har_grey_mask_knn_11,70.7143,64.5238,61.1429,65.4603,2021-07-08 11:00:01.012440
fourier_red_mask-har_red_mask_knn_3,82.0238,64.1667,53.4286,66.5397,2021-07-08 11:00:03.167785
fourier_red_mask-har_red_mask_knn_5,75.5655,65.5952,58.2857,66.4821,2021-07-08 11:00:05.279274
fourier_red_mask-har_red_mask_knn_7,73.006,65.2381,59.1429,65.7957,2021-07-08 11:00:07.392787
fourier_red_mask-har_red_mask_knn_9,71.756,64.4048,57.7143,64.625,2021-07-08 11:00:09.540396
fourier_red_mask-har_red_mask_knn_11,70.2381,63.8095,57.7143,63.9206,2021-07-08 11:00:11.707768
fourier_red_mask-har_green_mask_knn_3,82.9762,67.9762,56.5714,69.1746,2021-07-08 11:00:13.863480
fourier_red_mask-har_green_mask_knn_5,77.5298,66.0714,58.8571,67.4861,2021-07-08 11:00:15.980995
fourier_red_mask-har_green_mask_knn_7,74.7024,65.4762,59.4286,66.5357,2021-07-08 11:00:18.121468
fourier_red_mask-har_green_mask_knn_9,71.6369,64.881,58.8571,65.125,2021-07-08 11:00:20.330436
fourier_red_mask-har_green_mask_knn_11,70.9821,65.2381,59.7143,65.3115,2021-07-08 11:00:22.512499
fourier_red_mask-har_blue_mask_knn_3,81.756,65.7143,59.4286,68.9663,2021-07-08 11:00:24.667423
fourier_red_mask-har_blue_mask_knn_5,76.6667,66.0714,59.7143,67.4841,2021-07-08 11:00:26.815786
fourier_red_mask-har_blue_mask_knn_7,73.8393,64.4048,61.4286,66.5576,2021-07-08 11:00:28.996774
fourier_red_mask-har_blue_mask_knn_9,72.0833,65.9524,61.4286,66.4881,2021-07-08 11:00:31.127037
fourier_red_mask-har_blue_mask_knn_11,71.2798,65.9524,62.5714,66.6012,2021-07-08 11:00:33.275367
fourier_green_mask-fourier_blue_mask_knn_3,80.4167,63.6905,63.7143,69.2738,2021-07-08 11:00:36.857321
fourier_green_mask-fourier_blue_mask_knn_5,73.631,66.0714,61.7143,67.1389,2021-07-08 11:00:40.457967
fourier_green_mask-fourier_blue_mask_knn_7,72.0833,63.8095,59.7143,65.2024,2021-07-08 11:00:43.998187
fourier_green_mask-fourier_blue_mask_knn_9,72.0536,64.0476,61.1429,65.748,2021-07-08 11:00:47.529426
fourier_green_mask-fourier_blue_mask_knn_11,70.744,61.1905,62.0,64.6448,2021-07-08 11:00:51.079894
fourier_green_mask-geo_grey_mask_knn_3,82.2024,66.4286,63.4286,70.6865,2021-07-08 11:00:53.133837
fourier_green_mask-geo_grey_mask_knn_5,76.9048,64.5238,65.1429,68.8572,2021-07-08 11:00:55.155093
fourier_green_mask-geo_grey_mask_knn_7,74.9107,66.3095,65.7143,68.9782,2021-07-08 11:00:57.167987
fourier_green_mask-geo_grey_mask_knn_9,72.0833,68.8095,65.1429,68.6786,2021-07-08 11:00:59.218406
fourier_green_mask-geo_grey_mask_knn_11,72.8869,69.2857,66.0,69.3909,2021-07-08 11:01:01.294144
fourier_green_mask-geo_red_mask_knn_3,80.9821,64.5238,64.0,69.8353,2021-07-08 11:01:03.296309
fourier_green_mask-geo_red_mask_knn_5,74.8512,67.2619,64.2857,68.7996,2021-07-08 11:01:05.283189
fourier_green_mask-geo_red_mask_knn_7,72.7679,64.7619,62.5714,66.7004,2021-07-08 11:01:07.276659
fourier_green_mask-geo_red_mask_knn_9,72.9167,62.8571,62.0,65.9246,2021-07-08 11:01:09.273459
fourier_green_mask-geo_red_mask_knn_11,71.0714,66.4286,63.1429,66.881,2021-07-08 11:01:11.368876
fourier_green_mask-geo_green_mask_knn_3,81.3988,67.619,67.7143,72.244,2021-07-08 11:01:13.384490
fourier_green_mask-geo_green_mask_knn_5,76.131,63.5714,67.1429,68.9484,2021-07-08 11:01:15.405573
fourier_green_mask-geo_green_mask_knn_7,74.0476,66.1905,65.7143,68.6508,2021-07-08 11:01:17.410161
fourier_green_mask-geo_green_mask_knn_9,73.7798,64.5238,64.8571,67.7202,2021-07-08 11:01:19.432767
fourier_green_mask-geo_green_mask_knn_11,72.381,67.2619,65.7143,68.4524,2021-07-08 11:01:21.446863
fourier_green_mask-geo_blue_mask_knn_3,82.7083,65.5952,66.5714,71.625,2021-07-08 11:01:23.511462
fourier_green_mask-geo_blue_mask_knn_5,77.0833,63.8095,68.0,69.6309,2021-07-08 11:01:25.529829
fourier_green_mask-geo_blue_mask_knn_7,73.7202,68.2143,68.0,69.9782,2021-07-08 11:01:27.547796
fourier_green_mask-geo_blue_mask_knn_9,72.6488,66.6667,67.1429,68.8195,2021-07-08 11:01:29.582602
fourier_green_mask-geo_blue_mask_knn_11,72.3214,67.381,66.2857,68.6627,2021-07-08 11:01:31.632743
fourier_green_mask-gab_grey_mask_knn_3,82.8274,65.2381,63.7143,70.5933,2021-07-08 11:01:34.572668
fourier_green_mask-gab_grey_mask_knn_5,75.8631,65.2381,64.0,68.3671,2021-07-08 11:01:37.536383
fourier_green_mask-gab_grey_mask_knn_7,73.6905,64.7619,66.0,68.1508,2021-07-08 11:01:40.520113
fourier_green_mask-gab_grey_mask_knn_9,72.5893,64.7619,66.5714,67.9742,2021-07-08 11:01:43.512575
fourier_green_mask-gab_grey_mask_knn_11,71.8452,63.3333,65.7143,66.9643,2021-07-08 11:01:46.481852
fourier_green_mask-gab_red_mask_knn_3,81.8155,65.8333,60.8571,69.502,2021-07-08 11:01:49.393574
fourier_green_mask-gab_red_mask_knn_5,76.9345,62.1429,63.4286,67.502,2021-07-08 11:01:52.314527
fourier_green_mask-gab_red_mask_knn_7,73.4226,63.9286,64.2857,67.2123,2021-07-08 11:01:55.240693
fourier_green_mask-gab_red_mask_knn_9,71.5774,68.9286,62.8571,67.7877,2021-07-08 11:01:58.198600
fourier_green_mask-gab_red_mask_knn_11,70.4762,65.119,62.0,65.8651,2021-07-08 11:02:01.187665
fourier_green_mask-gab_green_mask_knn_3,80.9821,63.2143,62.2857,68.8274,2021-07-08 11:02:04.102179
fourier_green_mask-gab_green_mask_knn_5,75.4464,67.381,64.2857,69.0377,2021-07-08 11:02:07.032947
fourier_green_mask-gab_green_mask_knn_7,73.631,66.5476,66.0,68.7262,2021-07-08 11:02:09.976483
fourier_green_mask-gab_green_mask_knn_9,71.7857,66.6667,65.4286,67.9603,2021-07-08 11:02:12.955765
fourier_green_mask-gab_green_mask_knn_11,70.506,64.1667,64.2857,66.3195,2021-07-08 11:02:15.916147
fourier_green_mask-gab_blue_mask_knn_3,82.1726,64.2857,64.0,70.1528,2021-07-08 11:02:18.842948
fourier_green_mask-gab_blue_mask_knn_5,75.2381,66.5476,62.2857,68.0238,2021-07-08 11:02:21.793508
fourier_green_mask-gab_blue_mask_knn_7,73.244,65.0,64.5714,67.6051,2021-07-08 11:02:24.755486
fourier_green_mask-gab_blue_mask_knn_9,72.8869,64.881,64.2857,67.3512,2021-07-08 11:02:27.727052
fourier_green_mask-gab_blue_mask_knn_11,71.4583,64.4048,66.8571,67.5734,2021-07-08 11:02:30.706071
fourier_green_mask-har_grey_mask_knn_3,82.4107,66.5476,60.8571,69.9385,2021-07-08 11:02:32.873350
fourier_green_mask-har_grey_mask_knn_5,75.9524,67.7381,64.2857,69.3254,2021-07-08 11:02:35.014176
fourier_green_mask-har_grey_mask_knn_7,73.3929,66.1905,60.8571,66.8135,2021-07-08 11:02:37.138655
fourier_green_mask-har_grey_mask_knn_9,72.8869,62.9762,63.1429,66.3353,2021-07-08 11:02:39.286026
fourier_green_mask-har_grey_mask_knn_11,71.369,63.8095,64.0,66.3928,2021-07-08 11:02:41.433638
fourier_green_mask-har_red_mask_knn_3,81.8155,65.4762,65.1429,70.8115,2021-07-08 11:02:43.543478
fourier_green_mask-har_red_mask_knn_5,77.1726,66.1905,64.5714,69.3115,2021-07-08 11:02:45.664111
fourier_green_mask-har_red_mask_knn_7,74.6726,65.119,64.8571,68.2162,2021-07-08 11:02:47.827083
fourier_green_mask-har_red_mask_knn_9,73.869,64.4048,63.7143,67.3294,2021-07-08 11:02:50.021956
fourier_green_mask-har_red_mask_knn_11,72.5298,65.4762,66.2857,68.0972,2021-07-08 11:02:52.151225
fourier_green_mask-har_green_mask_knn_3,81.7857,66.0714,60.2857,69.3809,2021-07-08 11:02:54.313274
fourier_green_mask-har_green_mask_knn_5,76.3988,67.5,62.2857,68.7282,2021-07-08 11:02:56.450042
fourier_green_mask-har_green_mask_knn_7,73.6905,65.2381,62.0,66.9762,2021-07-08 11:02:58.556267
fourier_green_mask-har_green_mask_knn_9,72.8869,63.2143,60.8571,65.6528,2021-07-08 11:03:00.681910
fourier_green_mask-har_green_mask_knn_11,72.0238,63.0952,60.2857,65.1349,2021-07-08 11:03:02.832431
fourier_green_mask-har_blue_mask_knn_3,82.7976,65.4762,64.5714,70.9484,2021-07-08 11:03:04.956499
fourier_green_mask-har_blue_mask_knn_5,77.7381,65.4762,62.0,68.4048,2021-07-08 11:03:07.080500
fourier_green_mask-har_blue_mask_knn_7,74.1964,67.619,62.2857,68.0337,2021-07-08 11:03:09.238406
fourier_green_mask-har_blue_mask_knn_9,73.6607,64.881,63.4286,67.3234,2021-07-08 11:03:11.391015
fourier_green_mask-har_blue_mask_knn_11,71.8155,66.3095,64.8571,67.6607,2021-07-08 11:03:13.583168
fourier_blue_mask-geo_grey_mask_knn_3,81.875,64.2857,66.5714,70.9107,2021-07-08 11:03:15.664150
fourier_blue_mask-geo_grey_mask_knn_5,76.9643,64.6429,65.1429,68.9167,2021-07-08 11:03:17.703122
fourier_blue_mask-geo_grey_mask_knn_7,74.4048,65.5952,66.8571,68.9524,2021-07-08 11:03:19.792836
fourier_blue_mask-geo_grey_mask_knn_9,72.4405,66.1905,65.7143,68.1151,2021-07-08 11:03:21.888042
fourier_blue_mask-geo_grey_mask_knn_11,71.7857,68.5714,66.8571,69.0714,2021-07-08 11:03:24.076721
fourier_blue_mask-geo_red_mask_knn_3,81.0417,65.2381,60.8571,69.0456,2021-07-08 11:03:26.115197
fourier_blue_mask-geo_red_mask_knn_5,75.7143,63.4524,62.5714,67.246,2021-07-08 11:03:28.239627
fourier_blue_mask-geo_red_mask_knn_7,72.7976,62.8571,65.1429,66.9325,2021-07-08 11:03:30.290766
fourier_blue_mask-geo_red_mask_knn_9,70.9821,63.0952,64.5714,66.2162,2021-07-08 11:03:32.365806
fourier_blue_mask-geo_red_mask_knn_11,70.2976,63.5714,65.7143,66.5278,2021-07-08 11:03:34.433267
fourier_blue_mask-geo_green_mask_knn_3,81.4286,63.0952,64.2857,69.6032,2021-07-08 11:03:36.512816
fourier_blue_mask-geo_green_mask_knn_5,74.7321,63.8095,65.1429,67.8948,2021-07-08 11:03:38.617729
fourier_blue_mask-geo_green_mask_knn_7,73.0952,66.4286,66.0,68.5079,2021-07-08 11:03:40.721850
fourier_blue_mask-geo_green_mask_knn_9,72.0833,65.4762,66.5714,68.0436,2021-07-08 11:03:42.805308
fourier_blue_mask-geo_green_mask_knn_11,70.8929,64.4048,68.0,67.7659,2021-07-08 11:03:44.877741
fourier_blue_mask-geo_blue_mask_knn_3,81.9048,65.3571,65.1429,70.8016,2021-07-08 11:03:46.924390
fourier_blue_mask-geo_blue_mask_knn_5,76.8155,65.5952,67.4286,69.9464,2021-07-08 11:03:49.005906
fourier_blue_mask-geo_blue_mask_knn_7,74.5833,62.619,67.1429,68.1151,2021-07-08 11:03:51.067735
fourier_blue_mask-geo_blue_mask_knn_9,72.7381,65.8333,65.1429,67.9048,2021-07-08 11:03:53.148364
fourier_blue_mask-geo_blue_mask_knn_11,71.3393,67.8571,68.0,69.0655,2021-07-08 11:03:55.212736
fourier_blue_mask-gab_grey_mask_knn_3,81.1905,63.9286,62.2857,69.1349,2021-07-08 11:03:58.228992
fourier_blue_mask-gab_grey_mask_knn_5,75.6845,64.1667,65.1429,68.3314,2021-07-08 11:04:01.243394
fourier_blue_mask-gab_grey_mask_knn_7,73.3631,62.619,62.0,65.994,2021-07-08 11:04:04.307490
fourier_blue_mask-gab_grey_mask_knn_9,70.2381,66.1905,63.7143,66.7143,2021-07-08 11:04:07.268607
fourier_blue_mask-gab_grey_mask_knn_11,70.3274,62.5,65.1429,65.9901,2021-07-08 11:04:10.282370
fourier_blue_mask-gab_red_mask_knn_3,81.4583,62.381,61.7143,68.5179,2021-07-08 11:04:13.147207
fourier_blue_mask-gab_red_mask_knn_5,76.3095,62.7381,64.0,67.6825,2021-07-08 11:04:16.089709
fourier_blue_mask-gab_red_mask_knn_7,73.0655,64.2857,62.5714,66.6409,2021-07-08 11:04:19.030050
fourier_blue_mask-gab_red_mask_knn_9,71.0714,64.2857,64.8571,66.7381,2021-07-08 11:04:21.949285
fourier_blue_mask-gab_red_mask_knn_11,71.0119,62.9762,62.5714,65.5198,2021-07-08 11:04:24.890905
fourier_blue_mask-gab_green_mask_knn_3,80.5357,65.7143,60.5714,68.9405,2021-07-08 11:04:27.816036
fourier_blue_mask-gab_green_mask_knn_5,75.8631,64.6429,65.1429,68.5496,2021-07-08 11:04:30.746338
fourier_blue_mask-gab_green_mask_knn_7,74.2857,64.6429,65.1429,68.0238,2021-07-08 11:04:33.647186
fourier_blue_mask-gab_green_mask_knn_9,70.744,65.4762,64.0,66.7401,2021-07-08 11:04:36.612180
fourier_blue_mask-gab_green_mask_knn_11,70.0595,64.4048,66.0,66.8214,2021-07-08 11:04:39.597037
fourier_blue_mask-gab_blue_mask_knn_3,81.7262,63.4524,60.5714,68.5833,2021-07-08 11:04:42.501844
fourier_blue_mask-gab_blue_mask_knn_5,75.506,63.8095,63.1429,67.4861,2021-07-08 11:04:45.413383
fourier_blue_mask-gab_blue_mask_knn_7,72.8274,62.5,63.4286,66.252,2021-07-08 11:04:48.353030
fourier_blue_mask-gab_blue_mask_knn_9,71.1905,66.4286,64.2857,67.3016,2021-07-08 11:04:51.286059
fourier_blue_mask-gab_blue_mask_knn_11,71.5179,65.2381,63.4286,66.7282,2021-07-08 11:04:54.264218
fourier_blue_mask-har_grey_mask_knn_3,82.2619,68.5714,63.1429,71.3254,2021-07-08 11:04:56.371618
fourier_blue_mask-har_grey_mask_knn_5,76.3393,66.9048,61.1429,68.129,2021-07-08 11:04:58.473176
fourier_blue_mask-har_grey_mask_knn_7,73.3631,66.5476,62.2857,67.3988,2021-07-08 11:05:00.568680
fourier_blue_mask-har_grey_mask_knn_9,72.0536,64.881,63.7143,66.883,2021-07-08 11:05:02.672044
fourier_blue_mask-har_grey_mask_knn_11,70.9524,64.881,63.7143,66.5159,2021-07-08 11:05:04.797793
fourier_blue_mask-har_red_mask_knn_3,82.0536,64.4048,59.4286,68.629,2021-07-08 11:05:06.951181
fourier_blue_mask-har_red_mask_knn_5,76.6667,65.3571,60.5714,67.5317,2021-07-08 11:05:09.065068
fourier_blue_mask-har_red_mask_knn_7,73.8988,66.3095,61.4286,67.2123,2021-07-08 11:05:11.153948
fourier_blue_mask-har_red_mask_knn_9,72.6488,66.7857,64.8571,68.0972,2021-07-08 11:05:13.280319
fourier_blue_mask-har_red_mask_knn_11,71.6071,64.2857,65.1429,67.0119,2021-07-08 11:05:15.385052
fourier_blue_mask-har_green_mask_knn_3,83.2738,61.5476,58.8571,67.8928,2021-07-08 11:05:17.499623
fourier_blue_mask-har_green_mask_knn_5,76.5774,65.2381,59.4286,67.0814,2021-07-08 11:05:19.607508
fourier_blue_mask-har_green_mask_knn_7,73.4226,65.4762,62.0,66.9663,2021-07-08 11:05:21.727890
fourier_blue_mask-har_green_mask_knn_9,72.4107,66.4286,61.4286,66.756,2021-07-08 11:05:23.867891
fourier_blue_mask-har_green_mask_knn_11,71.875,65.0,62.2857,66.3869,2021-07-08 11:05:26.003244
fourier_blue_mask-har_blue_mask_knn_3,82.2619,64.881,62.5714,69.9048,2021-07-08 11:05:28.113159
fourier_blue_mask-har_blue_mask_knn_5,76.756,65.8333,60.8571,67.8155,2021-07-08 11:05:30.206264
fourier_blue_mask-har_blue_mask_knn_7,73.3929,66.5476,62.8571,67.5992,2021-07-08 11:05:32.289867
fourier_blue_mask-har_blue_mask_knn_9,72.6786,61.5476,64.2857,66.1706,2021-07-08 11:05:34.394409
fourier_blue_mask-har_blue_mask_knn_11,71.0417,63.0952,63.4286,65.8552,2021-07-08 11:05:36.500398
geo_grey_mask-geo_red_mask_knn_3,68.1845,51.3095,64.0,61.1647,2021-07-08 11:05:36.979483
geo_grey_mask-geo_red_mask_knn_5,60.0,55.119,65.1429,60.0873,2021-07-08 11:05:37.524438
geo_grey_mask-geo_red_mask_knn_7,74.5833,69.7619,64.5714,69.6389,2021-07-08 11:05:38.014743
geo_grey_mask-geo_red_mask_knn_9,72.4702,70.3571,63.7143,68.8472,2021-07-08 11:05:38.463137
geo_grey_mask-geo_red_mask_knn_11,71.9345,68.2143,65.7143,68.621,2021-07-08 11:05:38.977994
geo_grey_mask-geo_green_mask_knn_3,81.6667,62.9762,57.4286,67.3572,2021-07-08 11:05:39.419908
geo_grey_mask-geo_green_mask_knn_5,78.4524,74.4048,62.5714,71.8095,2021-07-08 11:05:39.850169
geo_grey_mask-geo_green_mask_knn_7,76.1607,68.4524,63.4286,69.3472,2021-07-08 11:05:40.309884
geo_grey_mask-geo_green_mask_knn_9,74.494,68.9286,63.7143,69.0456,2021-07-08 11:05:40.767747
geo_grey_mask-geo_green_mask_knn_11,73.6012,65.4762,64.5714,67.8829,2021-07-08 11:05:41.271630
geo_grey_mask-geo_blue_mask_knn_3,91.0119,69.1667,45.4286,68.5357,2021-07-08 11:05:41.716582
geo_grey_mask-geo_blue_mask_knn_5,79.1369,72.1429,63.4286,71.5695,2021-07-08 11:05:42.159195
geo_grey_mask-geo_blue_mask_knn_7,75.9821,70.8333,63.4286,70.0813,2021-07-08 11:05:42.604661
geo_grey_mask-geo_blue_mask_knn_9,75.5357,70.9524,64.5714,70.3532,2021-07-08 11:05:43.069252
geo_grey_mask-geo_blue_mask_knn_11,73.8393,68.2143,65.1429,69.0655,2021-07-08 11:05:43.547712
geo_grey_mask-gab_grey_mask_knn_3,88.3333,72.9762,60.8571,74.0555,2021-07-08 11:05:44.277840
geo_grey_mask-gab_grey_mask_knn_5,83.1548,72.0238,61.1429,72.1072,2021-07-08 11:05:45.011911
geo_grey_mask-gab_grey_mask_knn_7,80.6845,73.2143,60.8571,71.5853,2021-07-08 11:05:45.864828
geo_grey_mask-gab_grey_mask_knn_9,78.4524,70.5952,62.8571,70.6349,2021-07-08 11:05:46.740034
geo_grey_mask-gab_grey_mask_knn_11,76.9048,70.0,62.8571,69.9206,2021-07-08 11:05:47.623555
geo_grey_mask-gab_red_mask_knn_3,87.9167,75.119,60.2857,74.4405,2021-07-08 11:05:48.481577
geo_grey_mask-gab_red_mask_knn_5,80.6845,69.881,59.4286,69.998,2021-07-08 11:05:49.294955
geo_grey_mask-gab_red_mask_knn_7,76.8452,67.8571,58.5714,67.7579,2021-07-08 11:05:50.145081
geo_grey_mask-gab_red_mask_knn_9,76.131,66.0714,60.5714,67.5913,2021-07-08 11:05:51.028984
geo_grey_mask-gab_red_mask_knn_11,73.8988,67.7381,60.5714,67.4028,2021-07-08 11:05:51.886800
geo_grey_mask-gab_green_mask_knn_3,89.2857,72.1429,59.4286,73.6191,2021-07-08 11:05:52.720329
geo_grey_mask-gab_green_mask_knn_5,83.4226,73.4524,62.8571,73.244,2021-07-08 11:05:53.551793
geo_grey_mask-gab_green_mask_knn_7,80.119,75.2381,62.8571,72.7381,2021-07-08 11:05:54.426565
geo_grey_mask-gab_green_mask_knn_9,78.3929,72.0238,64.2857,71.5675,2021-07-08 11:05:55.204667
geo_grey_mask-gab_blue_mask_knn_3,89.3452,75.9524,62.8571,76.0516,2021-07-08 11:05:56.842486
geo_grey_mask-gab_blue_mask_knn_5,83.3333,74.2857,62.2857,73.3016,2021-07-08 11:05:57.606731
geo_grey_mask-gab_blue_mask_knn_7,80.625,73.4524,61.4286,71.8353,2021-07-08 11:05:58.444494
geo_grey_mask-gab_blue_mask_knn_9,78.8988,72.5,63.7143,71.7044,2021-07-08 11:05:59.234409
geo_grey_mask-gab_blue_mask_knn_11,76.756,71.1905,63.1429,70.3631,2021-07-08 11:06:00.121311
geo_grey_mask-har_grey_mask_knn_3,94.881,77.5,60.2857,77.5556,2021-07-08 11:06:00.573667
geo_grey_mask-har_grey_mask_knn_5,84.1667,80.2381,62.2857,75.5635,2021-07-08 11:06:01.040645
geo_grey_mask-har_grey_mask_knn_7,82.2917,77.5,64.0,74.5972,2021-07-08 11:06:01.546849
geo_grey_mask-har_grey_mask_knn_9,79.8214,75.0,64.2857,73.0357,2021-07-08 11:06:02.052462
geo_grey_mask-har_grey_mask_knn_11,79.0774,74.1667,62.8571,72.0337,2021-07-08 11:06:02.580831
geo_grey_mask-har_red_mask_knn_3,94.8214,77.619,59.1429,77.1944,2021-07-08 11:06:02.994248
geo_grey_mask-har_red_mask_knn_5,84.9405,79.2857,60.5714,74.9325,2021-07-08 11:06:03.381651
geo_grey_mask-har_red_mask_knn_7,81.5476,75.7143,58.2857,71.8492,2021-07-08 11:06:03.784715
geo_grey_mask-har_red_mask_knn_9,80.1786,76.5476,60.2857,72.3373,2021-07-08 11:06:04.222124
geo_grey_mask-har_red_mask_knn_11,78.2143,75.5952,61.7143,71.8413,2021-07-08 11:06:04.661016
geo_grey_mask-har_green_mask_knn_3,95.2381,78.8095,58.5714,77.5397,2021-07-08 11:06:05.120245
geo_grey_mask-har_green_mask_knn_5,86.0119,78.3333,60.5714,74.9722,2021-07-08 11:06:05.589212
geo_grey_mask-har_green_mask_knn_7,83.9881,75.7143,60.0,73.2341,2021-07-08 11:06:06.077674
geo_grey_mask-har_green_mask_knn_9,81.5179,77.0238,61.4286,73.3234,2021-07-08 11:06:06.556463
geo_grey_mask-har_green_mask_knn_11,80.4167,77.8571,64.2857,74.1865,2021-07-08 11:06:07.038487
geo_grey_mask-har_blue_mask_knn_3,95.625,77.5,60.0,77.7083,2021-07-08 11:06:07.474981
geo_grey_mask-har_blue_mask_knn_5,85.6548,79.1667,63.4286,76.0834,2021-07-08 11:06:07.864194
geo_grey_mask-har_blue_mask_knn_7,82.2321,76.3095,61.4286,73.3234,2021-07-08 11:06:08.299477
geo_grey_mask-har_blue_mask_knn_9,80.6845,74.881,62.8571,72.8075,2021-07-08 11:06:08.785687
geo_grey_mask-har_blue_mask_knn_11,79.6726,73.4524,63.4286,72.1845,2021-07-08 11:06:09.273428
geo_red_mask-geo_green_mask_knn_3,89.2857,72.5,64.8571,75.5476,2021-07-08 11:06:09.702210
geo_red_mask-geo_green_mask_knn_5,79.3155,72.8571,63.7143,71.9623,2021-07-08 11:06:10.162021
geo_red_mask-geo_green_mask_knn_7,76.5179,65.7143,64.0,68.7441,2021-07-08 11:06:10.619477
geo_red_mask-geo_green_mask_knn_9,74.0179,66.4286,66.2857,68.9107,2021-07-08 11:06:11.147264
geo_red_mask-geo_blue_mask_knn_3,91.0714,70.9524,68.2857,76.7698,2021-07-08 11:06:12.110481
geo_red_mask-geo_blue_mask_knn_5,79.2262,75.3571,66.2857,73.623,2021-07-08 11:06:12.563966
geo_red_mask-geo_blue_mask_knn_7,77.2321,71.5476,66.8571,71.8789,2021-07-08 11:06:13.048182
geo_red_mask-geo_blue_mask_knn_9,74.5536,69.7619,66.5714,70.2956,2021-07-08 11:06:13.569153
geo_red_mask-geo_blue_mask_knn_11,71.8155,69.6429,67.1429,69.5338,2021-07-08 11:06:14.085670
geo_red_mask-gab_grey_mask_knn_3,87.7083,70.119,61.4286,73.0853,2021-07-08 11:06:14.899607
geo_red_mask-gab_grey_mask_knn_5,80.6845,69.0476,61.7143,70.4821,2021-07-08 11:06:15.724323
geo_red_mask-gab_grey_mask_knn_7,78.2738,65.119,62.5714,68.6547,2021-07-08 11:06:16.590547
geo_red_mask-gab_grey_mask_knn_9,75.8333,70.119,64.2857,70.0793,2021-07-08 11:06:17.443236
geo_red_mask-gab_grey_mask_knn_11,75.0893,68.6905,63.4286,69.0695,2021-07-08 11:06:18.305436
geo_red_mask-gab_red_mask_knn_5,80.506,68.9286,56.8571,68.7639,2021-07-08 11:06:19.822993
geo_red_mask-gab_red_mask_knn_7,76.9345,68.2143,57.1429,67.4306,2021-07-08 11:06:20.679186
geo_red_mask-gab_red_mask_knn_9,75.119,66.9048,59.7143,67.246,2021-07-08 11:06:21.513255
geo_red_mask-gab_red_mask_knn_11,73.8393,66.4286,60.8571,67.0417,2021-07-08 11:06:22.363598
geo_red_mask-gab_green_mask_knn_3,88.5119,70.0,57.4286,71.9802,2021-07-08 11:06:23.168486
geo_red_mask-gab_green_mask_knn_5,80.9524,70.7143,63.7143,71.7937,2021-07-08 11:06:24.004897
geo_red_mask-gab_green_mask_knn_7,77.0536,69.7619,64.2857,70.3671,2021-07-08 11:06:24.814501
geo_red_mask-gab_green_mask_knn_9,75.744,70.4762,65.7143,70.6448,2021-07-08 11:06:25.644752
geo_red_mask-gab_green_mask_knn_11,75.3571,68.8095,66.5714,70.246,2021-07-08 11:06:26.488591
geo_red_mask-gab_blue_mask_knn_3,89.5833,72.619,62.5714,74.9246,2021-07-08 11:06:27.280225
geo_red_mask-gab_blue_mask_knn_5,80.3869,71.3095,61.7143,71.1369,2021-07-08 11:06:28.085810
geo_red_mask-gab_blue_mask_knn_9,75.4464,68.8095,64.8571,69.7043,2021-07-08 11:06:29.736602
geo_red_mask-gab_blue_mask_knn_11,74.1369,65.4762,65.4286,68.3472,2021-07-08 11:06:30.570981
geo_red_mask-har_grey_mask_knn_3,94.4643,72.1429,62.5714,76.3929,2021-07-08 11:06:30.993289
geo_red_mask-har_grey_mask_knn_5,84.6429,77.5,64.8571,75.6667,2021-07-08 11:06:31.423003
geo_red_mask-har_grey_mask_knn_7,81.3095,76.0714,65.1429,74.1746,2021-07-08 11:06:31.873089
geo_red_mask-har_grey_mask_knn_9,79.7024,72.8571,64.5714,72.377,2021-07-08 11:06:32.329891
geo_red_mask-har_red_mask_knn_3,95.1488,75.0,58.0,76.0496,2021-07-08 11:06:33.163020
geo_red_mask-har_red_mask_knn_5,85.0595,78.0952,56.0,73.0516,2021-07-08 11:06:33.570401
geo_red_mask-har_red_mask_knn_7,82.0536,77.1429,54.0,71.0655,2021-07-08 11:06:33.971210
geo_red_mask-har_red_mask_knn_11,78.0655,72.619,57.1429,69.2758,2021-07-08 11:06:34.866390
geo_red_mask-har_green_mask_knn_3,94.7917,77.381,62.8571,78.3433,2021-07-08 11:06:35.299918
geo_red_mask-har_green_mask_knn_7,81.6071,73.8095,62.2857,72.5674,2021-07-08 11:06:36.200663
geo_red_mask-har_green_mask_knn_9,79.2262,72.9762,64.0,72.0675,2021-07-08 11:06:36.661722
geo_red_mask-har_green_mask_knn_11,77.5298,74.1667,64.0,71.8988,2021-07-08 11:06:37.126701
geo_red_mask-har_blue_mask_knn_3,95.4464,77.8571,63.7143,79.0059,2021-07-08 11:06:37.538435
geo_red_mask-har_blue_mask_knn_5,84.7917,77.1429,64.5714,75.502,2021-07-08 11:06:37.928674
geo_red_mask-har_blue_mask_knn_7,83.125,75.4762,59.4286,72.6766,2021-07-08 11:06:38.368874
geo_red_mask-har_blue_mask_knn_9,79.0774,72.2619,61.7143,71.0179,2021-07-08 11:06:38.774473
geo_red_mask-har_blue_mask_knn_11,78.244,70.5952,61.7143,70.1845,2021-07-08 11:06:39.279657
geo_green_mask-geo_blue_mask_knn_3,90.9524,70.2381,54.2857,71.8254,2021-07-08 11:06:39.671000
geo_green_mask-geo_blue_mask_knn_5,81.1607,72.0238,56.2857,69.8234,2021-07-08 11:06:40.089454
geo_green_mask-geo_blue_mask_knn_7,77.7083,69.5238,63.7143,70.3155,2021-07-08 11:06:40.508586
geo_green_mask-geo_blue_mask_knn_9,76.1607,70.5952,57.1429,67.9663,2021-07-08 11:06:40.940300
geo_green_mask-geo_blue_mask_knn_11,74.2262,65.8333,65.1429,68.4008,2021-07-08 11:06:41.370570
geo_green_mask-gab_grey_mask_knn_3,89.0774,73.2143,61.7143,74.6687,2021-07-08 11:06:42.146724
geo_green_mask-gab_grey_mask_knn_5,81.5774,73.9286,63.1429,72.883,2021-07-08 11:06:42.928353
geo_green_mask-gab_grey_mask_knn_7,78.1548,73.8095,63.7143,71.8929,2021-07-08 11:06:43.739417
geo_green_mask-gab_grey_mask_knn_9,77.619,69.0476,62.8571,69.8412,2021-07-08 11:06:44.574001
geo_green_mask-gab_grey_mask_knn_11,76.7857,69.5238,64.5714,70.2936,2021-07-08 11:06:45.431209
geo_green_mask-gab_red_mask_knn_3,88.3036,71.7857,53.4286,71.1726,2021-07-08 11:06:46.127413
geo_green_mask-gab_red_mask_knn_5,80.6548,70.7143,57.4286,69.5992,2021-07-08 11:06:46.837658
geo_green_mask-gab_red_mask_knn_7,78.125,67.1429,58.2857,67.8512,2021-07-08 11:06:47.649331
geo_green_mask-gab_red_mask_knn_9,75.1786,69.5238,57.7143,67.4722,2021-07-08 11:06:48.436264
geo_green_mask-gab_red_mask_knn_11,74.4345,67.8571,57.4286,66.5734,2021-07-08 11:06:49.278559
geo_green_mask-gab_green_mask_knn_3,90.625,74.6429,63.4286,76.2322,2021-07-08 11:06:49.982828
geo_green_mask-gab_green_mask_knn_5,82.2024,75.3571,62.8571,73.4722,2021-07-08 11:06:50.787703
geo_green_mask-gab_green_mask_knn_7,80.6548,71.7857,65.1429,72.5278,2021-07-08 11:06:51.604071
geo_green_mask-gab_green_mask_knn_9,77.8869,71.7857,67.7143,72.4623,2021-07-08 11:06:52.377668
geo_green_mask-gab_green_mask_knn_11,77.1726,69.0476,66.0,70.7401,2021-07-08 11:06:53.222858
geo_green_mask-gab_blue_mask_knn_3,88.9583,71.9048,62.0,74.2877,2021-07-08 11:06:53.999696
geo_green_mask-gab_blue_mask_knn_5,83.125,73.3333,62.5714,73.0099,2021-07-08 11:06:54.814913
geo_green_mask-gab_blue_mask_knn_7,80.5952,72.1429,65.4286,72.7222,2021-07-08 11:06:55.641505
geo_green_mask-gab_blue_mask_knn_9,77.2024,72.7381,66.8571,72.2659,2021-07-08 11:06:56.415032
geo_green_mask-gab_blue_mask_knn_11,76.8452,69.1667,68.2857,71.4325,2021-07-08 11:06:57.225304
geo_green_mask-har_grey_mask_knn_3,94.9107,76.1905,56.0,75.7004,2021-07-08 11:06:57.673716
geo_green_mask-har_grey_mask_knn_5,84.4048,80.2381,59.7143,74.7857,2021-07-08 11:06:58.148842
geo_green_mask-har_grey_mask_knn_7,81.5179,77.1429,59.1429,72.6012,2021-07-08 11:06:58.626916
geo_green_mask-har_grey_mask_knn_9,81.25,76.4286,63.1429,73.6072,2021-07-08 11:06:59.134501
geo_green_mask-har_grey_mask_knn_11,78.3929,74.881,62.0,71.758,2021-07-08 11:06:59.642354
geo_green_mask-har_red_mask_knn_3,94.9405,72.8571,54.5714,74.123,2021-07-08 11:07:00.027210
geo_green_mask-har_red_mask_knn_5,83.5714,77.619,62.0,74.3968,2021-07-08 11:07:00.476206
geo_green_mask-har_red_mask_knn_7,81.131,73.8095,60.5714,71.8373,2021-07-08 11:07:00.978123
geo_green_mask-har_red_mask_knn_9,79.3155,72.381,62.2857,71.3274,2021-07-08 11:07:01.411755
geo_green_mask-har_red_mask_knn_11,76.994,71.4286,62.8571,70.4266,2021-07-08 11:07:01.881328
geo_green_mask-har_green_mask_knn_3,95.2381,79.2857,60.5714,78.3651,2021-07-08 11:07:02.305714
geo_green_mask-har_green_mask_knn_5,85.4762,81.6667,62.0,76.381,2021-07-08 11:07:02.735809
geo_green_mask-har_green_mask_knn_7,83.6607,75.8333,62.0,73.8313,2021-07-08 11:07:03.126178
geo_green_mask-har_green_mask_knn_9,81.1012,76.4286,63.7143,73.748,2021-07-08 11:07:03.589948
geo_green_mask-har_green_mask_knn_11,81.0714,76.1905,64.5714,73.9444,2021-07-08 11:07:04.103471
geo_green_mask-har_blue_mask_knn_3,95.0595,75.7143,59.1429,76.6389,2021-07-08 11:07:04.485081
geo_green_mask-har_blue_mask_knn_5,85.0893,78.6905,64.2857,76.0218,2021-07-08 11:07:04.907242
geo_green_mask-har_blue_mask_knn_7,81.8155,74.1667,63.1429,73.0417,2021-07-08 11:07:05.379496
geo_green_mask-har_blue_mask_knn_9,78.8095,74.6429,65.1429,72.8651,2021-07-08 11:07:05.845157
geo_green_mask-har_blue_mask_knn_11,78.125,70.3571,63.7143,70.7321,2021-07-08 11:07:06.283365
geo_blue_mask-gab_grey_mask_knn_3,89.8512,72.0238,62.8571,74.9107,2021-07-08 11:07:07.055009
geo_blue_mask-gab_grey_mask_knn_5,81.9048,72.5,65.4286,73.2778,2021-07-08 11:07:07.841405
geo_blue_mask-gab_grey_mask_knn_7,78.4821,71.7857,68.0,72.7559,2021-07-08 11:07:08.657825
geo_blue_mask-gab_grey_mask_knn_9,77.2024,70.7143,67.1429,71.6865,2021-07-08 11:07:09.540967
geo_blue_mask-gab_grey_mask_knn_11,75.7143,70.0,67.1429,70.9524,2021-07-08 11:07:10.396491
geo_blue_mask-gab_red_mask_knn_3,86.9048,70.2381,60.2857,72.4762,2021-07-08 11:07:11.185016
geo_blue_mask-gab_red_mask_knn_5,81.5476,70.9524,65.4286,72.6429,2021-07-08 11:07:11.997406
geo_blue_mask-gab_red_mask_knn_7,77.8274,67.5,65.1429,70.1568,2021-07-08 11:07:12.825831
geo_blue_mask-gab_red_mask_knn_9,75.2976,68.4524,63.1429,68.9643,2021-07-08 11:07:13.685565
geo_blue_mask-gab_red_mask_knn_11,73.5714,66.9048,62.0,67.4921,2021-07-08 11:07:14.555832
geo_blue_mask-gab_green_mask_knn_3,89.6131,72.619,67.7143,76.6488,2021-07-08 11:07:15.339873
geo_blue_mask-gab_green_mask_knn_5,81.7857,74.1667,66.5714,74.1746,2021-07-08 11:07:16.182140
geo_blue_mask-gab_green_mask_knn_7,78.8393,72.1429,68.2857,73.0893,2021-07-08 11:07:17.002314
geo_blue_mask-gab_green_mask_knn_9,77.9762,73.5714,67.7143,73.0873,2021-07-08 11:07:17.842661
geo_blue_mask-gab_green_mask_knn_11,77.1131,71.0714,69.7143,72.6329,2021-07-08 11:07:18.693606
geo_blue_mask-gab_blue_mask_knn_3,88.7798,74.5238,68.0,77.1012,2021-07-08 11:07:19.538036
geo_blue_mask-gab_blue_mask_knn_5,81.3393,73.9286,67.7143,74.3274,2021-07-08 11:07:20.359750
geo_blue_mask-gab_blue_mask_knn_7,80.4762,73.0952,68.0,73.8571,2021-07-08 11:07:21.216477
geo_blue_mask-gab_blue_mask_knn_9,78.2738,70.2381,66.5714,71.6944,2021-07-08 11:07:22.095334
geo_blue_mask-gab_blue_mask_knn_11,76.3988,74.6429,68.0,73.0139,2021-07-08 11:07:22.934471
geo_blue_mask-har_grey_mask_knn_3,94.8214,73.6905,60.8571,76.4563,2021-07-08 11:07:23.374204
geo_blue_mask-har_grey_mask_knn_5,83.9286,78.0952,60.5714,74.1984,2021-07-08 11:07:23.822929
geo_blue_mask-har_grey_mask_knn_7,81.756,76.6667,62.5714,73.6647,2021-07-08 11:07:24.324835
geo_blue_mask-har_grey_mask_knn_9,80.0,75.119,66.0,73.7063,2021-07-08 11:07:24.832886
geo_blue_mask-har_grey_mask_knn_11,78.8393,74.6429,68.2857,73.9226,2021-07-08 11:07:25.365161
geo_blue_mask-har_red_mask_knn_3,94.881,77.7381,58.0,76.873,2021-07-08 11:07:25.755917
geo_blue_mask-har_red_mask_knn_5,83.8393,77.7381,62.5714,74.7163,2021-07-08 11:07:26.164408
geo_blue_mask-har_red_mask_knn_7,82.2321,74.6429,63.7143,73.5298,2021-07-08 11:07:26.619416
geo_blue_mask-har_red_mask_knn_9,80.9821,74.6429,63.7143,73.1131,2021-07-08 11:07:27.112433
geo_blue_mask-har_red_mask_knn_11,78.0357,75.2381,63.4286,72.2341,2021-07-08 11:07:27.552815
geo_blue_mask-har_green_mask_knn_3,95.0893,79.2857,60.8571,78.4107,2021-07-08 11:07:27.976387
geo_blue_mask-har_green_mask_knn_5,86.1905,79.6429,63.4286,76.4207,2021-07-08 11:07:28.398466
geo_blue_mask-har_green_mask_knn_7,83.5714,78.9286,65.1429,75.881,2021-07-08 11:07:28.846433
geo_blue_mask-har_green_mask_knn_9,81.2202,77.2619,64.0,74.1607,2021-07-08 11:07:29.323384
geo_blue_mask-har_green_mask_knn_11,80.2083,75.7143,64.5714,73.498,2021-07-08 11:07:29.816490
geo_blue_mask-har_blue_mask_knn_3,95.4167,76.3095,63.1429,78.2897,2021-07-08 11:07:30.277739
geo_blue_mask-har_blue_mask_knn_5,85.8631,77.2619,63.4286,75.5179,2021-07-08 11:07:30.712081
geo_blue_mask-har_blue_mask_knn_7,82.8571,77.2619,60.8571,73.6587,2021-07-08 11:07:31.182393
geo_blue_mask-har_blue_mask_knn_9,80.0595,74.881,63.7143,72.8849,2021-07-08 11:07:31.651214
geo_blue_mask-har_blue_mask_knn_11,79.0774,73.5714,64.5714,72.4067,2021-07-08 11:07:32.120308
gab_grey_mask-gab_red_mask_knn_3,88.8393,70.9524,63.1429,74.3115,2021-07-08 11:07:32.721840
gab_grey_mask-gab_red_mask_knn_5,80.6845,72.5,64.2857,72.4901,2021-07-08 11:07:33.346788
gab_grey_mask-gab_red_mask_knn_7,77.5298,68.2143,60.5714,68.7718,2021-07-08 11:07:34.033458
gab_grey_mask-gab_red_mask_knn_9,75.7143,70.0,63.1429,69.6191,2021-07-08 11:07:34.746129
gab_grey_mask-gab_red_mask_knn_11,74.5833,69.6429,62.0,68.7421,2021-07-08 11:07:35.491677
gab_grey_mask-gab_green_mask_knn_3,86.4583,70.2381,59.7143,72.1369,2021-07-08 11:07:35.998523
gab_grey_mask-gab_green_mask_knn_5,78.8393,70.0,60.8571,69.8988,2021-07-08 11:07:36.556307
gab_grey_mask-gab_green_mask_knn_7,77.0833,67.381,58.8571,67.7738,2021-07-08 11:07:37.141795
gab_grey_mask-gab_green_mask_knn_9,74.9107,68.3333,61.7143,68.3194,2021-07-08 11:07:37.732811
gab_grey_mask-gab_green_mask_knn_11,73.3333,67.381,62.0,67.5714,2021-07-08 11:07:38.368483
gab_grey_mask-gab_blue_mask_knn_3,87.619,71.7857,62.0,73.8016,2021-07-08 11:07:39.023906
gab_grey_mask-gab_blue_mask_knn_5,80.1488,68.2143,59.1429,69.1687,2021-07-08 11:07:39.657868
gab_grey_mask-gab_blue_mask_knn_7,77.3512,71.7857,60.8571,69.998,2021-07-08 11:07:40.335560
gab_grey_mask-gab_blue_mask_knn_9,75.8631,68.0952,61.7143,68.5575,2021-07-08 11:07:41.028439
gab_grey_mask-gab_blue_mask_knn_11,74.7619,69.0476,62.8571,68.8889,2021-07-08 11:07:41.737071
gab_grey_mask-har_grey_mask_knn_3,91.9643,77.0238,60.5714,76.5198,2021-07-08 11:07:42.368149
gab_grey_mask-har_grey_mask_knn_5,83.3929,73.8095,58.2857,71.8294,2021-07-08 11:07:43.034156
gab_grey_mask-har_grey_mask_knn_7,80.2679,71.5476,60.5714,70.7956,2021-07-08 11:07:43.734537
gab_grey_mask-har_grey_mask_knn_9,78.4524,70.3571,62.0,70.2698,2021-07-08 11:07:44.481183
gab_grey_mask-har_grey_mask_knn_11,76.8155,70.7143,64.0,70.5099,2021-07-08 11:07:45.226412
gab_grey_mask-har_red_mask_knn_3,92.9167,77.7381,62.2857,77.6468,2021-07-08 11:07:45.866263
gab_grey_mask-har_red_mask_knn_5,84.9405,77.381,65.1429,75.8215,2021-07-08 11:07:46.565226
gab_grey_mask-har_red_mask_knn_7,81.8155,78.4524,63.4286,74.5655,2021-07-08 11:07:47.285551
gab_grey_mask-har_red_mask_knn_9,80.8333,73.6905,60.5714,71.6984,2021-07-08 11:07:48.016745
gab_grey_mask-har_red_mask_knn_11,79.375,75.5952,64.5714,73.1805,2021-07-08 11:07:48.778739
gab_grey_mask-har_green_mask_knn_3,92.3512,73.9286,62.8571,76.379,2021-07-08 11:07:49.377857
gab_grey_mask-har_green_mask_knn_5,83.244,76.0714,62.8571,74.0575,2021-07-08 11:07:50.007843
gab_grey_mask-har_green_mask_knn_7,80.8631,76.1905,62.8571,73.3036,2021-07-08 11:07:50.660461
gab_grey_mask-har_green_mask_knn_9,79.0179,72.8571,65.1429,72.3393,2021-07-08 11:07:51.299262
gab_grey_mask-har_green_mask_knn_11,78.0357,71.6667,66.2857,71.996,2021-07-08 11:07:51.983161
gab_grey_mask-har_blue_mask_knn_3,93.0655,77.8571,61.4286,77.4504,2021-07-08 11:07:52.583122
gab_grey_mask-har_blue_mask_knn_5,84.256,72.7381,62.5714,73.1885,2021-07-08 11:07:53.257105
gab_grey_mask-har_blue_mask_knn_7,81.3988,72.381,62.8571,72.2123,2021-07-08 11:07:53.917466
gab_grey_mask-har_blue_mask_knn_9,79.3155,73.4524,64.8571,72.5417,2021-07-08 11:07:54.595818
gab_grey_mask-har_blue_mask_knn_11,78.0655,74.2857,64.5714,72.3075,2021-07-08 11:07:55.284734
gab_red_mask-gab_green_mask_knn_3,89.3452,73.0952,62.0,74.8135,2021-07-08 11:07:56.190220
gab_red_mask-gab_green_mask_knn_5,82.2024,71.6667,63.1429,72.3373,2021-07-08 11:07:57.150861
gab_red_mask-gab_green_mask_knn_7,78.631,68.5714,60.8571,69.3532,2021-07-08 11:07:58.146921
gab_red_mask-gab_green_mask_knn_9,76.8155,69.2857,62.8571,69.6528,2021-07-08 11:07:59.185330
gab_red_mask-gab_green_mask_knn_11,76.2798,68.8095,63.1429,69.4107,2021-07-08 11:08:00.230753
gab_red_mask-gab_blue_mask_knn_3,88.6607,72.9762,61.7143,74.4504,2021-07-08 11:08:01.149213
gab_red_mask-gab_blue_mask_knn_5,82.8869,72.5,63.4286,72.9385,2021-07-08 11:08:02.186204
gab_red_mask-gab_blue_mask_knn_7,79.375,68.3333,63.7143,70.4742,2021-07-08 11:08:03.189710
gab_red_mask-gab_blue_mask_knn_9,77.0536,72.7381,65.1429,71.6449,2021-07-08 11:08:04.264267
gab_red_mask-gab_blue_mask_knn_11,75.1488,71.6667,62.8571,69.8909,2021-07-08 11:08:05.312990
gab_red_mask-har_grey_mask_knn_3,91.8452,75.119,58.5714,75.1785,2021-07-08 11:08:05.996313
gab_red_mask-har_grey_mask_knn_5,84.2262,74.2857,56.8571,71.7897,2021-07-08 11:08:06.703594
gab_red_mask-har_grey_mask_knn_7,81.8452,74.4048,58.8571,71.7024,2021-07-08 11:08:07.440827
gab_red_mask-har_grey_mask_knn_9,78.9286,71.5476,61.1429,70.5397,2021-07-08 11:08:08.217293
gab_red_mask-har_grey_mask_knn_11,78.3036,69.6429,62.0,69.9822,2021-07-08 11:08:08.972231
gab_red_mask-har_red_mask_knn_3,91.5179,76.0714,58.0,75.1964,2021-07-08 11:08:09.592805
gab_red_mask-har_red_mask_knn_5,82.7976,75.3571,59.7143,72.623,2021-07-08 11:08:10.226047
gab_red_mask-har_red_mask_knn_7,80.8036,75.8333,62.2857,72.9742,2021-07-08 11:08:10.911543
gab_red_mask-har_red_mask_knn_9,78.8095,72.8571,62.8571,71.5079,2021-07-08 11:08:11.608985
gab_red_mask-har_red_mask_knn_11,76.4881,73.0952,63.4286,71.004,2021-07-08 11:08:12.349670
gab_red_mask-har_green_mask_knn_3,92.0536,76.7857,59.4286,76.0893,2021-07-08 11:08:12.944417
gab_red_mask-har_green_mask_knn_5,84.1369,75.2381,62.2857,73.8869,2021-07-08 11:08:13.588705
gab_red_mask-har_green_mask_knn_7,82.1131,74.5238,61.1429,72.5933,2021-07-08 11:08:14.252916
gab_red_mask-har_green_mask_knn_9,80.1488,73.0952,62.5714,71.9385,2021-07-08 11:08:14.948581
gab_red_mask-har_green_mask_knn_11,77.0833,72.5,61.1429,70.2421,2021-07-08 11:08:15.662952
gab_red_mask-har_blue_mask_knn_3,93.244,76.3095,57.7143,75.7559,2021-07-08 11:08:16.268777
gab_red_mask-har_blue_mask_knn_5,84.9107,76.1905,62.0,74.3671,2021-07-08 11:08:16.952978
gab_red_mask-har_blue_mask_knn_7,81.0119,73.5714,59.1429,71.2421,2021-07-08 11:08:17.640825
gab_red_mask-har_blue_mask_knn_9,79.494,74.4048,61.7143,71.871,2021-07-08 11:08:18.350426
gab_red_mask-har_blue_mask_knn_11,77.8869,71.0714,62.2857,70.4147,2021-07-08 11:08:19.102872
gab_green_mask-gab_blue_mask_knn_3,88.3036,72.7381,59.7143,73.5853,2021-07-08 11:08:19.623182
gab_green_mask-gab_blue_mask_knn_5,81.25,68.4524,59.1429,69.6151,2021-07-08 11:08:20.150574
gab_green_mask-gab_blue_mask_knn_7,77.7083,70.8333,61.1429,69.8948,2021-07-08 11:08:20.751338
gab_green_mask-gab_blue_mask_knn_9,76.1905,67.8571,61.4286,68.4921,2021-07-08 11:08:21.338831
gab_green_mask-gab_blue_mask_knn_11,74.5833,68.2143,61.7143,68.1706,2021-07-08 11:08:21.965684
gab_green_mask-har_grey_mask_knn_3,93.006,75.3571,60.8571,76.4067,2021-07-08 11:08:22.598563
gab_green_mask-har_grey_mask_knn_5,83.7202,76.7857,62.8571,74.4543,2021-07-08 11:08:23.253865
gab_green_mask-har_grey_mask_knn_7,81.6071,74.4048,65.4286,73.8135,2021-07-08 11:08:23.942546
gab_green_mask-har_grey_mask_knn_9,79.8214,73.0952,66.5714,73.1627,2021-07-08 11:08:24.629049
gab_green_mask-har_grey_mask_knn_11,77.8571,73.9286,65.1429,72.3095,2021-07-08 11:08:25.319297
gab_green_mask-har_red_mask_knn_3,93.9583,79.4048,62.2857,78.5496,2021-07-08 11:08:25.950223
gab_green_mask-har_red_mask_knn_5,85.7738,78.8095,64.5714,76.3849,2021-07-08 11:08:26.609693
gab_green_mask-har_red_mask_knn_7,84.4345,76.7857,64.5714,75.2639,2021-07-08 11:08:27.323607
gab_green_mask-har_red_mask_knn_9,80.7738,76.7857,63.7143,73.7579,2021-07-08 11:08:28.059599
gab_green_mask-har_red_mask_knn_11,79.4048,76.4286,65.7143,73.8492,2021-07-08 11:08:28.840180
gab_green_mask-har_green_mask_knn_3,92.4107,74.5238,61.1429,76.0258,2021-07-08 11:08:29.394667
gab_green_mask-har_green_mask_knn_5,83.6607,77.0238,62.0,74.2282,2021-07-08 11:08:29.998349
gab_green_mask-har_green_mask_knn_7,81.2798,71.6667,62.0,71.6488,2021-07-08 11:08:30.651500
gab_green_mask-har_green_mask_knn_9,78.3631,73.5714,66.2857,72.7401,2021-07-08 11:08:31.327326
gab_green_mask-har_green_mask_knn_11,77.7083,72.8571,66.5714,72.3789,2021-07-08 11:08:31.997224
gab_green_mask-har_blue_mask_knn_3,92.8869,77.9762,60.8571,77.2401,2021-07-08 11:08:32.589044
gab_green_mask-har_blue_mask_knn_5,84.2857,75.3571,64.5714,74.7381,2021-07-08 11:08:33.214904
gab_green_mask-har_blue_mask_knn_7,80.3571,75.7143,62.5714,72.8809,2021-07-08 11:08:33.892173
gab_green_mask-har_blue_mask_knn_9,79.4048,73.5714,66.2857,73.0873,2021-07-08 11:08:34.578709
gab_green_mask-har_blue_mask_knn_11,77.8274,72.381,67.1429,72.4504,2021-07-08 11:08:35.264619
gab_blue_mask-har_grey_mask_knn_3,92.1726,77.619,60.0,76.5972,2021-07-08 11:08:35.878160
gab_blue_mask-har_grey_mask_knn_5,83.8988,75.0,62.2857,73.7282,2021-07-08 11:08:36.582251
gab_blue_mask-har_grey_mask_knn_7,81.4286,75.5952,64.2857,73.7698,2021-07-08 11:08:37.309697
gab_blue_mask-har_grey_mask_knn_9,78.4226,71.4286,63.4286,71.0933,2021-07-08 11:08:38.065452
gab_blue_mask-har_grey_mask_knn_11,77.2024,73.9286,64.8571,71.996,2021-07-08 11:08:38.820198
gab_blue_mask-har_red_mask_knn_3,93.3036,78.2143,58.0,76.506,2021-07-08 11:08:39.467484
gab_blue_mask-har_red_mask_knn_5,85.1786,80.8333,60.2857,75.4325,2021-07-08 11:08:40.164481
gab_blue_mask-har_red_mask_knn_7,82.9464,75.2381,61.1429,73.1091,2021-07-08 11:08:40.890307
gab_blue_mask-har_red_mask_knn_9,80.4762,72.9762,64.8571,72.7698,2021-07-08 11:08:41.631583
gab_blue_mask-har_red_mask_knn_11,79.5833,74.5238,66.5714,73.5595,2021-07-08 11:08:42.414435
gab_blue_mask-har_green_mask_knn_3,91.8452,75.9524,61.4286,76.4087,2021-07-08 11:08:43.004422
gab_blue_mask-har_green_mask_knn_5,84.7917,76.5476,62.0,74.4464,2021-07-08 11:08:43.645774
gab_blue_mask-har_green_mask_knn_7,82.8274,75.5952,59.7143,72.7123,2021-07-08 11:08:44.292306
gab_blue_mask-har_green_mask_knn_9,79.256,74.0476,61.4286,71.5774,2021-07-08 11:08:44.951416
gab_blue_mask-har_green_mask_knn_11,77.6786,72.9762,61.1429,70.5992,2021-07-08 11:08:45.651484
gab_blue_mask-har_blue_mask_knn_3,92.0536,75.7143,58.5714,75.4464,2021-07-08 11:08:46.222355
gab_blue_mask-har_blue_mask_knn_5,83.869,76.5476,61.1429,73.8532,2021-07-08 11:08:46.837249
gab_blue_mask-har_blue_mask_knn_7,80.1488,72.381,62.8571,71.7956,2021-07-08 11:08:47.472858
gab_blue_mask-har_blue_mask_knn_9,78.244,70.9524,63.1429,70.7798,2021-07-08 11:08:48.125843
gab_blue_mask-har_blue_mask_knn_11,76.9643,70.0,65.1429,70.7024,2021-07-08 11:08:48.816868
har_grey_mask-har_red_mask_knn_3,96.2798,80.4762,60.8571,79.2044,2021-07-08 11:08:49.181990
har_grey_mask-har_red_mask_knn_5,85.9821,81.1905,61.1429,76.1052,2021-07-08 11:08:49.555880
har_grey_mask-har_red_mask_knn_7,84.8214,78.4524,62.5714,75.2817,2021-07-08 11:08:49.938031
har_grey_mask-har_red_mask_knn_9,81.9345,76.7857,62.8571,73.8591,2021-07-08 11:08:50.387180
har_grey_mask-har_red_mask_knn_11,80.5952,75.0,60.5714,72.0555,2021-07-08 11:08:50.815116
har_grey_mask-har_green_mask_knn_3,95.3571,77.2619,57.7143,76.7778,2021-07-08 11:08:51.126792
har_grey_mask-har_green_mask_knn_5,85.3869,79.4048,58.8571,74.5496,2021-07-08 11:08:51.440725
har_grey_mask-har_green_mask_knn_7,83.006,74.881,61.4286,73.1052,2021-07-08 11:08:51.769134
har_grey_mask-har_green_mask_knn_9,80.2381,74.2857,64.0,72.8413,2021-07-08 11:08:52.126007
har_grey_mask-har_green_mask_knn_11,79.3155,73.9286,63.1429,72.129,2021-07-08 11:08:52.480980
har_grey_mask-har_blue_mask_knn_3,95.3869,75.5952,60.2857,77.0893,2021-07-08 11:08:52.789012
har_grey_mask-har_blue_mask_knn_5,85.1488,78.8095,60.8571,74.9385,2021-07-08 11:08:53.117938
har_grey_mask-har_blue_mask_knn_7,81.9345,78.6905,60.5714,73.7321,2021-07-08 11:08:53.497398
har_grey_mask-har_blue_mask_knn_9,80.2976,76.5476,62.5714,73.1389,2021-07-08 11:08:53.862715
har_grey_mask-har_blue_mask_knn_11,79.9107,76.7857,63.4286,73.375,2021-07-08 11:08:54.278503
har_red_mask-har_green_mask_knn_3,96.0119,78.4524,62.2857,78.9167,2021-07-08 11:08:54.637195
har_red_mask-har_green_mask_knn_5,86.6071,81.9048,64.2857,77.5992,2021-07-08 11:08:55.001404
har_red_mask-har_green_mask_knn_7,84.8214,79.1667,65.7143,76.5675,2021-07-08 11:08:55.397288
har_red_mask-har_green_mask_knn_9,82.5298,77.0238,63.7143,74.4226,2021-07-08 11:08:55.816615
har_red_mask-har_green_mask_knn_11,80.8333,74.0476,64.5714,73.1508,2021-07-08 11:08:56.243329
har_red_mask-har_blue_mask_knn_3,96.1905,78.4524,65.7143,80.1191,2021-07-08 11:08:56.614399
har_red_mask-har_blue_mask_knn_5,86.6369,80.2381,63.4286,76.7679,2021-07-08 11:08:56.967036
har_red_mask-har_blue_mask_knn_7,84.6726,78.6905,64.0,75.7877,2021-07-08 11:08:57.355974
har_red_mask-har_blue_mask_knn_9,83.4524,78.0952,63.4286,74.9921,2021-07-08 11:08:57.778847
har_red_mask-har_blue_mask_knn_11,80.7143,75.2381,63.4286,73.127,2021-07-08 11:08:58.223976
har_green_mask-har_blue_mask_knn_3,95.6548,76.3095,61.7143,77.8929,2021-07-08 11:08:58.558182
har_green_mask-har_blue_mask_knn_5,86.756,80.7143,62.0,76.4901,2021-07-08 11:08:58.887173
har_green_mask-har_blue_mask_knn_7,84.881,77.7381,63.4286,75.3492,2021-07-08 11:08:59.241801
har_green_mask-har_blue_mask_knn_9,80.8036,78.3333,64.8571,74.6647,2021-07-08 11:08:59.601945
har_green_mask-har_blue_mask_knn_11,80.1786,74.881,62.8571,72.6389,2021-07-08 11:08:59.982253
